LAYER_RCRD_ID,POLYGON_RCRD_ID,LAYER_ID,VDYP7_LAYER_ID,RANK_CODE,NON_FOREST_DESC,MEAS_UTIL_LEVEL,CC,BA,TPH,EST_SI_SPCS,EST_SI 
1,188943,"1",,"1",,7.500000,50.000000,15.000000,200.000000,,
2,188944,"1",,"1",,7.500000,40.000000,10.000000,85.000000,,
3,188975,"1",,"1",,7.500000,50.000000,15.000000,100.000000,,
4,188990,"1",,"1",,7.500000,45.000000,30.000000,125.000000,,
5,188995,"1",,"1",,7.500000,20.000000,10.000000,55.000000,,
6,189006,"1",,"1",,7.500000,65.000000,35.000000,900.000000,,
7,189025,"1",,"1",,7.500000,30.000000,20.000000,75.000000,,
8,189029,"1",,"1",,7.500000,15.000000,7.000000,55.000000,,
9,189032,"1",,"1",,7.500000,80.000000,40.000000,2500.000000,,
10,189049,"1",,"1",,7.500000,70.000000,25.000000,2000.000000,,
11,189070,"1",,"1",,7.500000,60.000000,25.000000,210.000000,,
12,189071,"1",,"1",,7.500000,40.000000,15.000000,125.000000,,
13,189095,"1",,"1",,7.500000,75.000000,37.000000,2200.000000,,
14,189098,"1",,"1",,7.500000,40.000000,17.000000,100.000000,,
15,189100,"1",,"1",,7.500000,10.000000,5.000000,100.000000,,
16,189111,"1",,"1",,7.500000,30.000000,20.000000,85.000000,,
17,189113,"1",,"1",,7.500000,2.000000,0.000000,5.000000,,
18,189130,"1",,"1",,7.500000,10.000000,0.000000,25.000000,,
19,189134,"1",,"1",,7.500000,2.000000,0.000000,6.000000,,
20,189143,"1",,"1",,7.500000,40.000000,37.000000,235.000000,,
21,189143,"2",,,,7.500000,20.000000,5.000000,200.000000,,
22,189149,"1",,"1",,7.500000,40.000000,8.000000,200.000000,,
23,189153,"1",,"1",,7.500000,80.000000,32.000000,1500.000000,,
24,189154,"1",,"1",,7.500000,10.000000,2.000000,15.000000,,
25,189155,"1",,"1",,7.500000,15.000000,5.000000,20.000000,,
26,189166,"1",,"1",,7.500000,60.000000,20.000000,225.000000,,
27,189185,"1",,"1",,7.500000,2.000000,0.000000,6.000000,,
28,189188,"1",,"1",,7.500000,65.000000,37.000000,250.000000,,
29,189190,"1",,,,7.500000,2.000000,5.000000,80.000000,,
30,189190,"2",,,,7.500000,2.000000,0.000000,310.000000,,
31,189206,"1",,"1",,7.500000,70.000000,30.000000,1500.000000,,
32,189213,"1",,"1",,7.500000,70.000000,40.000000,1700.000000,,
33,189214,"1",,"1",,7.500000,15.000000,4.000000,50.000000,,
34,189222,"1",,"1",,7.500000,60.000000,10.000000,250.000000,,
35,189251,"1",,"1",,7.500000,50.000000,25.000000,185.000000,,
36,189253,"1",,"1",,7.500000,2.000000,1.000000,7.000000,,
37,189273,"1",,"1",,7.500000,80.000000,15.000000,1200.000000,,
38,189275,"1",,"1",,7.500000,55.000000,17.000000,110.000000,,
39,189288,"1",,"1",,7.500000,60.000000,20.000000,200.000000,,
40,189289,"1",,"1",,7.500000,30.000000,12.000000,75.000000,,
41,189295,"1",,"1",,7.500000,60.000000,45.000000,225.000000,,
42,189298,"1",,"1",,7.500000,60.000000,40.000000,1300.000000,,
43,189313,"1",,"1",,7.500000,60.000000,35.000000,1200.000000,,
44,189319,"1",,"1",,7.500000,55.000000,35.000000,225.000000,,
45,189324,"1",,"1",,7.500000,30.000000,15.000000,85.000000,,
46,189328,"1",,"1",,7.500000,40.000000,25.000000,110.000000,,
47,189329,"1",,"1",,7.500000,35.000000,7.000000,90.000000,,
48,189334,"1",,"1",,7.500000,60.000000,30.000000,175.000000,,
49,189342,"1",,"1",,7.500000,60.000000,45.000000,250.000000,,
50,189343,"1",,"1",,7.500000,30.000000,25.000000,110.000000,,
51,189348,"1",,"1",,7.500000,45.000000,39.000000,125.000000,,
52,189350,"1",,"1",,7.500000,40.000000,38.000000,110.000000,,
53,189352,"1",,"1",,7.500000,3.000000,0.000000,11.000000,,
54,189358,"1",,"1",,7.500000,20.000000,4.000000,55.000000,,
55,189371,"1",,"1",,7.500000,30.000000,6.000000,45.000000,,
56,189391,"1",,"1",,7.500000,15.000000,5.000000,35.000000,,
57,189392,"1",,"1",,7.500000,10.000000,1.000000,282.000000,,
58,189412,"1",,"1",,7.500000,70.000000,35.000000,1800.000000,,
59,189413,"1",,"1",,7.500000,40.000000,35.000000,125.000000,,
60,189431,"1",,"1",,7.500000,70.000000,30.000000,2000.000000,,
61,189432,"1",,"1",,7.500000,60.000000,35.000000,650.000000,,
62,189433,"1",,"1",,7.500000,80.000000,32.000000,1500.000000,,
63,189436,"1",,"1",,7.500000,65.000000,10.000000,1300.000000,,
64,189442,"1",,"1",,7.500000,75.000000,30.000000,2000.000000,,
65,189466,"1",,"1",,7.500000,55.000000,30.000000,200.000000,,
66,189485,"1",,"1",,7.500000,30.000000,15.000000,55.000000,,
67,189485,"2",,,,7.500000,2.000000,0.000000,310.000000,,
68,189491,"1",,,,7.500000,10.000000,2.000000,15.000000,,
69,189491,"2",,"1",,7.500000,70.000000,10.000000,2500.000000,,
70,189501,"1",,"1",,7.500000,10.000000,4.000000,25.000000,,
71,189505,"1",,"1",,7.500000,75.000000,25.000000,2000.000000,,
72,189520,"1",,"1",,7.500000,40.000000,15.000000,500.000000,,
73,189521,"1",,"1",,7.500000,80.000000,32.000000,1500.000000,,
74,189522,"1",,"1",,7.500000,50.000000,15.000000,150.000000,,
75,189536,"1",,"1",,7.500000,20.000000,15.000000,35.000000,,
76,189536,"2",,,,7.500000,30.000000,5.000000,100.000000,,
77,189554,"1",,"1",,7.500000,9.000000,0.000000,40.000000,,
78,189567,"1",,"1",,7.500000,80.000000,40.000000,2500.000000,,
79,189572,"1",,"1",,7.500000,60.000000,45.000000,200.000000,,
80,189579,"1",,"1",,7.500000,50.000000,15.000000,750.000000,,
81,189594,"1",,"1",,7.500000,5.000000,2.000000,12.000000,,
82,189599,"1",,,,7.500000,5.000000,5.000000,50.000000,,
83,189599,"2",,"1",,7.500000,50.000000,10.000000,1150.000000,,
84,189640,"1",,"1",,7.500000,30.000000,15.000000,85.000000,,
85,189662,"1",,"1",,7.500000,65.000000,20.000000,450.000000,,
86,189667,"1",,"1",,7.500000,50.000000,20.000000,225.000000,,
87,189674,"1",,"1",,7.500000,60.000000,38.000000,300.000000,,
88,189675,"1",,"1",,7.500000,60.000000,45.000000,2000.000000,,
89,189684,"1",,"1",,7.500000,40.000000,35.000000,125.000000,,
90,189689,"1",,"1",,7.500000,20.000000,15.000000,35.000000,,
91,189689,"2",,,,7.500000,55.000000,10.000000,225.000000,,
92,189701,"1",,"1",,7.500000,60.000000,38.000000,142.000000,,
93,189705,"1",,"1",,7.500000,50.000000,30.000000,250.000000,,
94,189715,"1",,"1",,7.500000,40.000000,15.000000,125.000000,,
95,189718,"1",,"1",,7.500000,60.000000,17.000000,150.000000,,
96,189719,"1",,"1",,7.500000,40.000000,25.000000,85.000000,,
97,189721,"1",,"1",,7.500000,10.000000,2.000000,20.000000,,
98,189736,"1",,"1",,7.500000,60.000000,20.000000,500.000000,,
99,189737,"1",,"1",,7.500000,80.000000,30.000000,2000.000000,,
100,189749,"1",,,,7.500000,3.000000,0.000000,10.000000,,
101,189749,"2",,"1",,7.500000,80.000000,40.000000,3000.000000,,
102,189751,"1",,"1",,7.500000,15.000000,5.000000,25.000000,,
103,189840,"1",,"1",,7.500000,80.000000,,,,
104,189915,"1",,"1",,7.500000,60.000000,,,,
105,189989,"1",,"1",,7.500000,80.000000,,,,
106,190001,"1",,"1",,7.500000,60.000000,,,,
107,190034,"1",,"1",,7.500000,50.000000,,,,
108,190092,"1",,"1",,7.500000,80.000000,,,,
109,190109,"1",,"1",,7.500000,50.000000,,,,
110,190113,"1",,"1",,7.500000,40.000000,,,,
111,190120,"1",,"1",,7.500000,80.000000,,,,
112,190149,"1",,"1",,7.500000,10.000000,,,,
113,190225,"1",,,,7.500000,5.000000,3.000000,30.000000,,
114,190225,"2",,"1",,7.500000,40.000000,5.000000,550.000000,,
115,190254,"1",,,,7.500000,5.000000,5.000000,50.000000,,
116,190254,"2",,"1",,7.500000,50.000000,10.000000,1150.000000,,
117,190313,"1",,,,7.500000,5.000000,2.000000,25.000000,,
118,190313,"2",,"1",,7.500000,40.000000,5.000000,750.000000,,
119,190404,"1",,"1",,7.500000,35.000000,5.000000,250.000000,,
120,190419,"1",,"1",,7.500000,10.000000,1.000000,25.000000,,
121,190433,"1",,"1",,7.500000,60.000000,40.000000,1250.000000,,
122,190464,"1",,"1",,7.500000,9.000000,0.000000,40.000000,,
123,190471,"1",,"1",,7.500000,40.000000,15.000000,500.000000,,
124,190472,"1",,"1",,7.500000,60.000000,15.000000,1500.000000,,
125,190485,"1",,"1",,7.500000,60.000000,25.000000,1500.000000,,
126,190496,"1",,"1",,7.500000,60.000000,10.000000,1350.000000,,
127,190520,"1",,"1",,7.500000,40.000000,15.000000,500.000000,,
128,190531,"1",,"1",,7.500000,60.000000,50.000000,1400.000000,,
129,190661,"1",,"1",,7.500000,40.000000,15.000000,750.000000,,
130,190677,"1",,"1",,7.500000,2.000000,0.000000,10.000000,,
131,190689,"1",,"1",,7.500000,30.000000,5.000000,400.000000,,
132,190768,"1",,"1",,7.500000,60.000000,30.000000,1500.000000,,
133,190769,"1",,"1",,7.500000,60.000000,25.000000,1500.000000,,
134,190778,"1",,"1",,7.500000,25.000000,5.000000,450.000000,,
135,190854,"1",,,,7.500000,10.000000,5.000000,40.000000,,
136,190854,"2",,"1",,7.500000,40.000000,10.000000,1000.000000,,
137,190867,"1",,"1",,7.500000,60.000000,15.000000,1000.000000,,
138,190929,"1",,"1",,7.500000,50.000000,25.000000,1100.000000,,
139,190941,"1",,"1",,7.500000,5.000000,0.000000,20.000000,,
140,191012,"1",,"1",,7.500000,5.000000,2.000000,20.000000,,
141,191020,"1",,"1",,7.500000,60.000000,50.000000,1400.000000,,
142,191049,"1",,"1",,7.500000,2.000000,0.000000,10.000000,,
143,191075,"1",,"1",,7.500000,25.000000,3.000000,400.000000,,
144,191124,"1",,"1",,7.500000,10.000000,1.000000,282.000000,,
145,191127,"1",,"1",,7.500000,2.000000,0.000000,10.000000,,
146,191169,"1",,"1",,7.500000,5.000000,1.000000,20.000000,,
147,191179,"1",,"1",,7.500000,50.000000,35.000000,1200.000000,,
148,191237,"1",,"1",,7.500000,35.000000,5.000000,250.000000,,
149,191244,"1",,"1",,7.500000,5.000000,1.000000,10.000000,,
150,191357,"1",,"1",,7.500000,50.000000,9.000000,850.000000,,
151,196905,"1",,"1",,7.500000,60.000000,10.000000,1000.000000,,
152,196906,"1",,"1",,7.500000,70.000000,15.000000,1250.000000,,
153,196907,"1",,"1",,7.500000,60.000000,15.000000,500.000000,,
154,196908,"1",,"1",,7.500000,15.000000,1.000000,125.000000,,
155,196909,"1",,"1",,7.500000,40.000000,5.000000,500.000000,,
156,196910,"1",,"1",,7.500000,30.000000,3.000000,250.000000,,
157,196911,"1",,"1",,7.500000,60.000000,15.000000,750.000000,,
158,196912,"1",,"1",,7.500000,60.000000,15.000000,1500.000000,,
159,196913,"1",,"1",,7.500000,50.000000,10.000000,1000.000000,,
160,196914,"1",,"1",,7.500000,30.000000,2.000000,550.000000,,
161,196915,"1",,"1",,7.500000,15.000000,1.000000,200.000000,,
162,196916,"1",,"1",,7.500000,60.000000,40.000000,1400.000000,,
163,196917,"1",,"1",,7.500000,60.000000,15.000000,1100.000000,,
164,196918,"1",,,,7.500000,5.000000,2.000000,15.000000,,
165,196918,"2",,"1",,7.500000,60.000000,5.000000,1100.000000,,
166,196919,"1",,"1",,7.500000,20.000000,1.000000,250.000000,,
167,196920,"1",,,,7.500000,4.000000,3.000000,30.000000,,
168,196920,"2",,"1",,7.500000,60.000000,5.000000,1600.000000,,
169,196921,"1",,"1",,7.500000,60.000000,20.000000,1450.000000,,
170,196922,"1",,"1",,7.500000,30.000000,5.000000,350.000000,,
171,196923,"1",,"1",,7.500000,40.000000,5.000000,800.000000,,
172,196924,"1",,"1",,7.500000,60.000000,15.000000,1400.000000,,
173,196925,"1",,"1",,7.500000,50.000000,40.000000,1400.000000,,
174,196926,"1",,"1",,7.500000,60.000000,30.000000,1400.000000,,
175,196927,"1",,"1",,7.500000,30.000000,2.000000,500.000000,,
176,196928,"1",,"1",,7.500000,50.000000,30.000000,1100.000000,,
177,196929,"1",,"1",,7.500000,40.000000,5.000000,250.000000,,
178,196930,"1",,"1",,7.500000,30.000000,3.000000,300.000000,,
179,196931,"1",,"1",,7.500000,30.000000,2.000000,250.000000,,
180,196932,"1",,"1",,7.500000,60.000000,20.000000,1400.000000,,
181,196933,"1",,"1",,7.500000,5.000000,0.000000,20.000000,,
182,196934,"1",,"1",,7.500000,15.000000,3.000000,150.000000,,
183,196934,"2",,,,7.500000,35.000000,3.000000,750.000000,,
184,196935,"1",,"1",,7.500000,60.000000,25.000000,1200.000000,,
185,196936,"1",,"1",,7.500000,20.000000,1.000000,150.000000,,
186,196937,"1",,"1",,7.500000,30.000000,2.000000,350.000000,,
187,196938,"1",,"1",,7.500000,20.000000,3.000000,35.000000,,
188,196938,"2",,,,7.500000,40.000000,3.000000,1000.000000,,
189,196939,"1",,,,7.500000,5.000000,3.000000,10.000000,,
190,196939,"2",,"1",,7.500000,60.000000,15.000000,1600.000000,,
191,196940,"1",,"1",,7.500000,20.000000,2.000000,200.000000,,
192,196941,"1",,"1",,7.500000,50.000000,55.000000,1400.000000,,
193,196942,"1",,"1",,7.500000,50.000000,15.000000,800.000000,,
194,196943,"1",,"1",,7.500000,60.000000,15.000000,1400.000000,,
195,196944,"1",,"1",,7.500000,60.000000,20.000000,1150.000000,,
196,196945,"1",,"1",,7.500000,50.000000,20.000000,1150.000000,,
197,196946,"1",,"1",,7.500000,40.000000,15.000000,650.000000,,
198,196947,"1",,"1",,7.500000,50.000000,20.000000,1250.000000,,
199,196948,"1",,"1",,7.500000,60.000000,20.000000,1600.000000,,
200,196949,"1",,"1",,7.500000,60.000000,25.000000,1400.000000,,
201,196950,"1",,"1",,7.500000,60.000000,20.000000,1300.000000,,
202,196951,"1",,"1",,7.500000,10.000000,1.000000,75.000000,,
203,196952,"1",,"1",,7.500000,30.000000,3.000000,300.000000,,
204,196953,"1",,"1",,7.500000,50.000000,25.000000,1100.000000,,
205,196954,"1",,"1",,7.500000,50.000000,15.000000,1000.000000,,
206,196955,"1",,"1",,7.500000,70.000000,50.000000,1600.000000,,
207,196956,"1",,"1",,7.500000,60.000000,15.000000,1100.000000,,
208,196957,"1",,"1",,7.500000,60.000000,15.000000,1300.000000,,
209,196958,"1",,"1",,7.500000,10.000000,1.000000,125.000000,,
210,196959,"1",,"1",,7.500000,50.000000,30.000000,1200.000000,,
211,196960,"1",,,,7.500000,3.000000,1.000000,15.000000,,
212,196960,"2",,"1",,7.500000,70.000000,15.000000,1600.000000,,
213,196961,"1",,"1",,7.500000,70.000000,15.000000,1500.000000,,
214,196962,"1",,"1",,7.500000,50.000000,20.000000,1250.000000,,
215,196963,"1",,"1",,7.500000,60.000000,35.000000,287.000000,,
216,196964,"1",,,,7.500000,3.000000,1.000000,10.000000,,
217,196964,"2",,"1",,7.500000,60.000000,10.000000,1000.000000,,
218,196965,"1",,"1",,7.500000,40.000000,5.000000,500.000000,,
219,196966,"1",,,,7.500000,5.000000,2.000000,25.000000,,
220,196966,"2",,"1",,7.500000,70.000000,30.000000,1700.000000,,
221,196967,"1",,"1",,7.500000,10.000000,1.000000,150.000000,,
222,196968,"1",,"1",,7.500000,50.000000,20.000000,950.000000,,
223,196969,"1",,"1",,7.500000,15.000000,1.000000,250.000000,,
224,196970,"1",,"1",,7.500000,60.000000,10.000000,1000.000000,,
225,196972,"1",,,,7.500000,5.000000,5.000000,40.000000,,
226,196972,"2",,"1",,7.500000,60.000000,5.000000,1100.000000,,
227,196973,"1",,"1",,7.500000,70.000000,5.000000,1250.000000,,
228,196974,"1",,"1",,7.500000,10.000000,1.000000,100.000000,,
229,196975,"1",,"1",,7.500000,60.000000,5.000000,1700.000000,,
230,196976,"1",,"1",,7.500000,30.000000,2.000000,550.000000,,
231,196977,"1",,"1",,7.500000,15.000000,3.000000,70.000000,,
232,196978,"1",,"1",,7.500000,50.000000,20.000000,1200.000000,,
233,196979,"1",,"1",,7.500000,15.000000,0.000000,250.000000,,
234,196980,"1",,"1",,7.500000,60.000000,10.000000,1300.000000,,
235,196981,"1",,"1",,7.500000,35.000000,3.000000,300.000000,,
236,196982,"1",,"1",,7.500000,15.000000,1.000000,150.000000,,
237,196983,"1",,"1",,7.500000,20.000000,2.000000,350.000000,,
238,196984,"1",,"1",,7.500000,50.000000,10.000000,1200.000000,,
239,196985,"1",,"1",,7.500000,50.000000,25.000000,1000.000000,,
240,196986,"1",,"1",,7.500000,20.000000,1.000000,150.000000,,
241,196987,"1",,"1",,7.500000,70.000000,20.000000,1500.000000,,
242,196988,"1",,"1",,7.500000,50.000000,60.000000,1200.000000,,
243,196989,"1",,"1",,7.500000,50.000000,20.000000,750.000000,,
244,196990,"1",,"1",,7.500000,60.000000,55.000000,1300.000000,,
245,196991,"1",,"1",,7.500000,70.000000,15.000000,1650.000000,,
246,196992,"1",,"1",,7.500000,60.000000,25.000000,1500.000000,,
247,196993,"1",,"1",,7.500000,60.000000,10.000000,1100.000000,,
248,196994,"1",,"1",,7.500000,30.000000,2.000000,200.000000,,
249,196995,"1",,"1",,7.500000,10.000000,1.000000,175.000000,,
250,196997,"1",,"1",,7.500000,40.000000,2.000000,900.000000,,
251,196998,"1",,"1",,7.500000,70.000000,45.000000,2000.000000,,
252,196999,"1",,"1",,7.500000,60.000000,35.000000,1250.000000,,
253,197000,"1",,,,7.500000,5.000000,3.000000,25.000000,,
254,197000,"2",,"1",,7.500000,50.000000,4.000000,1000.000000,,
255,197001,"1",,"1",,7.500000,60.000000,30.000000,1200.000000,,
256,197002,"1",,"1",,7.500000,60.000000,25.000000,1200.000000,,
257,197003,"1",,"1",,7.500000,50.000000,20.000000,1100.000000,,
258,197004,"1",,"1",,7.500000,60.000000,50.000000,1200.000000,,
259,197005,"1",,"1",,7.500000,45.000000,10.000000,600.000000,,
260,197006,"1",,,,7.500000,5.000000,2.000000,35.000000,,
261,197006,"2",,"1",,7.500000,60.000000,25.000000,1600.000000,,
262,197007,"1",,"1",,7.500000,50.000000,15.000000,950.000000,,
263,197008,"1",,"1",,7.500000,50.000000,15.000000,1000.000000,,
264,197009,"1",,,,7.500000,3.000000,1.000000,15.000000,,
265,197009,"2",,"1",,7.500000,60.000000,10.000000,1000.000000,,
266,197010,"1",,"1",,7.500000,50.000000,15.000000,1200.000000,,
267,197011,"1",,"1",,7.500000,40.000000,5.000000,500.000000,,
268,197012,"1",,"1",,7.500000,60.000000,15.000000,1500.000000,,
269,197013,"1",,"1",,7.500000,60.000000,55.000000,1500.000000,,
270,197014,"1",,"1",,7.500000,25.000000,1.000000,250.000000,,
271,197015,"1",,"1",,7.500000,10.000000,1.000000,150.000000,,
272,197016,"1",,,,7.500000,5.000000,2.000000,25.000000,,
273,197016,"2",,"1",,7.500000,60.000000,20.000000,1500.000000,,
274,197017,"1",,,,7.500000,5.000000,1.000000,50.000000,,
275,197017,"2",,"1",,7.500000,50.000000,15.000000,1000.000000,,
276,197018,"1",,"1",,7.500000,60.000000,15.000000,1550.000000,,
277,197019,"1",,"1",,7.500000,20.000000,2.000000,250.000000,,
278,197020,"1",,"1",,7.500000,50.000000,30.000000,1400.000000,,
279,197021,"1",,"1",,7.500000,60.000000,10.000000,1000.000000,,
280,197022,"1",,"1",,7.500000,60.000000,15.000000,1100.000000,,
281,197023,"1",,"1",,7.500000,5.000000,0.000000,50.000000,,
282,197024,"1",,"1",,7.500000,60.000000,25.000000,1700.000000,,
283,197025,"1",,,,7.500000,3.000000,3.000000,10.000000,,
284,197025,"2",,"1",,7.500000,60.000000,5.000000,750.000000,,
285,197026,"1",,"1",,7.500000,50.000000,15.000000,1050.000000,,
286,197027,"1",,"1",,7.500000,60.000000,25.000000,1300.000000,,
287,197029,"1",,"1",,7.500000,50.000000,20.000000,1200.000000,,
288,197030,"1",,"1",,7.500000,70.000000,35.000000,1500.000000,,
289,197031,"1",,"1",,7.500000,40.000000,15.000000,650.000000,,
290,197031,"2",,,,7.500000,10.000000,3.000000,450.000000,,
291,197032,"1",,"1",,7.500000,70.000000,20.000000,1500.000000,,
292,197033,"1",,"1",,7.500000,50.000000,30.000000,1600.000000,,
293,197034,"1",,"1",,7.500000,20.000000,2.000000,200.000000,,
294,197034,"2",,,,7.500000,20.000000,3.000000,500.000000,,
295,197035,"1",,"1",,7.500000,50.000000,15.000000,850.000000,,
296,197036,"1",,"1",,7.500000,50.000000,15.000000,1100.000000,,
297,197037,"1",,"1",,7.500000,25.000000,2.000000,150.000000,,
298,197038,"1",,"1",,7.500000,20.000000,5.000000,150.000000,,
299,197038,"2",,,,7.500000,30.000000,3.000000,900.000000,,
300,197039,"1",,"1",,7.500000,30.000000,1.000000,250.000000,,
301,197040,"1",,"1",,7.500000,70.000000,35.000000,1550.000000,,
302,197042,"1",,"1",,7.500000,40.000000,3.000000,500.000000,,
303,197043,"1",,"1",,7.500000,60.000000,10.000000,1100.000000,,
304,197044,"1",,"1",,7.500000,60.000000,15.000000,1500.000000,,
305,197045,"1",,"1",,7.500000,60.000000,20.000000,1700.000000,,
306,197046,"1",,"1",,7.500000,25.000000,1.000000,250.000000,,
307,197047,"1",,"1",,7.500000,5.000000,0.000000,20.000000,,
308,197049,"1",,"1",,7.500000,10.000000,1.000000,150.000000,,
309,197050,"1",,"1",,7.500000,60.000000,30.000000,1250.000000,,
310,197051,"1",,"1",,7.500000,40.000000,5.000000,500.000000,,
311,197052,"1",,"1",,7.500000,50.000000,15.000000,1350.000000,,
312,197053,"1",,"1",,7.500000,80.000000,25.000000,1600.000000,,
313,197054,"1",,"1",,7.500000,25.000000,2.000000,200.000000,,
314,197055,"1",,"1",,7.500000,60.000000,20.000000,1600.000000,,
315,197056,"1",,"1",,7.500000,10.000000,1.000000,125.000000,,
316,197057,"1",,"1",,7.500000,20.000000,1.000000,200.000000,,
317,197058,"1",,"1",,7.500000,60.000000,15.000000,1200.000000,,
318,197060,"1",,"1",,7.500000,5.000000,0.000000,150.000000,,
319,197061,"1",,"1",,7.500000,20.000000,1.000000,250.000000,,
320,197062,"1",,,,7.500000,5.000000,2.000000,75.000000,,
321,197062,"2",,"1",,7.500000,50.000000,10.000000,1000.000000,,
322,197063,"1",,"1",,7.500000,40.000000,4.000000,500.000000,,
323,197064,"1",,"1",,7.500000,50.000000,40.000000,1300.000000,,
324,197065,"1",,"1",,7.500000,25.000000,2.000000,250.000000,,
325,197066,"1",,"1",,7.500000,5.000000,0.000000,12.000000,,
326,197067,"1",,"1",,7.500000,50.000000,25.000000,1300.000000,,
327,197068,"1",,"1",,7.500000,50.000000,10.000000,1000.000000,,
328,197069,"1",,"1",,7.500000,50.000000,10.000000,1000.000000,,
329,197070,"1",,"1",,7.500000,40.000000,10.000000,500.000000,,
330,197071,"1",,"1",,7.500000,15.000000,1.000000,150.000000,,
331,197072,"1",,"1",,7.500000,20.000000,1.000000,200.000000,,
332,197073,"1",,"1",,7.500000,50.000000,30.000000,1100.000000,,
333,197074,"1",,"1",,7.500000,50.000000,10.000000,1000.000000,,
334,197075,"1",,"1",,7.500000,15.000000,1.000000,150.000000,,
335,197077,"1",,"1",,7.500000,50.000000,25.000000,1150.000000,,
336,197078,"1",,"1",,7.500000,50.000000,25.000000,1000.000000,,
337,197079,"1",,,,7.500000,3.000000,1.000000,15.000000,,
338,197079,"2",,"1",,7.500000,70.000000,20.000000,1650.000000,,
339,197081,"1",,"1",,7.500000,35.000000,3.000000,350.000000,,
340,197082,"1",,"1",,7.500000,50.000000,25.000000,1150.000000,,
341,197083,"1",,,,7.500000,5.000000,2.000000,15.000000,,
342,197083,"2",,"1",,7.500000,70.000000,15.000000,1600.000000,,
343,197084,"1",,"1",,7.500000,50.000000,20.000000,1000.000000,,
344,197085,"1",,"1",,7.500000,60.000000,30.000000,1200.000000,,
345,197086,"1",,"1",,7.500000,50.000000,15.000000,1000.000000,,
346,197087,"1",,"1",,7.500000,60.000000,20.000000,1300.000000,,
347,197088,"1",,"1",,7.500000,20.000000,1.000000,150.000000,,
348,197089,"1",,"1",,7.500000,50.000000,10.000000,750.000000,,
349,197090,"1",,"1",,7.500000,40.000000,15.000000,850.000000,,
350,197091,"1",,,,7.500000,5.000000,3.000000,20.000000,,
351,197091,"2",,"1",,7.500000,70.000000,7.000000,1350.000000,,
352,197092,"1",,"1",,7.500000,50.000000,15.000000,1000.000000,,
353,197093,"1",,"1",,7.500000,35.000000,3.000000,500.000000,,
354,197094,"1",,"1",,7.500000,60.000000,40.000000,1450.000000,,
355,197095,"1",,"1",,7.500000,60.000000,30.000000,1400.000000,,
356,197096,"1",,"1",,7.500000,10.000000,1.000000,75.000000,,
357,197097,"1",,"1",,7.500000,50.000000,20.000000,1100.000000,,
358,197098,"1",,"1",,7.500000,60.000000,25.000000,1300.000000,,
359,197099,"1",,"1",,7.500000,10.000000,1.000000,100.000000,,
360,197100,"1",,"1",,7.500000,40.000000,5.000000,500.000000,,
361,197101,"1",,"1",,7.500000,70.000000,35.000000,1550.000000,,
362,197102,"1",,"1",,7.500000,5.000000,0.000000,65.000000,,
363,197103,"1",,"1",,7.500000,70.000000,20.000000,1400.000000,,
364,197104,"1",,"1",,7.500000,30.000000,5.000000,300.000000,,
365,197105,"1",,"1",,7.500000,50.000000,5.000000,900.000000,,
366,197106,"1",,"1",,7.500000,60.000000,25.000000,1400.000000,,
367,197107,"1",,,,7.500000,5.000000,2.000000,25.000000,,
368,197107,"2",,"1",,7.500000,50.000000,3.000000,900.000000,,
369,197108,"1",,"1",,7.500000,60.000000,20.000000,1250.000000,,
370,197109,"1",,"1",,7.500000,60.000000,5.000000,1400.000000,,
371,197110,"1",,"1",,7.500000,60.000000,25.000000,1400.000000,,
372,197111,"1",,"1",,7.500000,40.000000,5.000000,450.000000,,
373,197112,"1",,"1",,7.500000,50.000000,40.000000,1500.000000,,
374,197113,"1",,"1",,7.500000,50.000000,10.000000,1000.000000,,
375,197114,"1",,"1",,7.500000,30.000000,2.000000,500.000000,,
376,197115,"1",,"1",,7.500000,55.000000,15.000000,1000.000000,,
377,197116,"1",,"1",,7.500000,70.000000,20.000000,1600.000000,,
378,197117,"1",,"1",,7.500000,40.000000,15.000000,600.000000,,
379,197118,"1",,"1",,7.500000,50.000000,15.000000,800.000000,,
380,197119,"1",,"1",,7.500000,5.000000,0.000000,75.000000,,
381,197120,"1",,"1",,7.500000,5.000000,0.000000,50.000000,,
382,197121,"1",,"1",,7.500000,70.000000,40.000000,1600.000000,,
383,197122,"1",,"1",,7.500000,20.000000,5.000000,500.000000,,
384,197123,"1",,"1",,7.500000,50.000000,25.000000,1000.000000,,
385,197124,"1",,"1",,7.500000,50.000000,10.000000,750.000000,,
386,197125,"1",,"1",,7.500000,70.000000,25.000000,1600.000000,,
387,197126,"1",,"1",,7.500000,30.000000,2.000000,250.000000,,
388,197127,"1",,"1",,7.500000,20.000000,5.000000,200.000000,,
389,197127,"2",,,,7.500000,30.000000,5.000000,800.000000,,
390,197128,"1",,"1",,7.500000,40.000000,10.000000,1000.000000,,
391,197129,"1",,"1",,7.500000,3.000000,0.000000,25.000000,,
392,197130,"1",,"1",,7.500000,15.000000,1.000000,150.000000,,
393,197131,"1",,"1",,7.500000,70.000000,15.000000,1600.000000,,
394,197132,"1",,"1",,7.500000,50.000000,20.000000,950.000000,,
395,197133,"1",,"1",,7.500000,60.000000,15.000000,1200.000000,,
396,197134,"1",,"1",,7.500000,50.000000,15.000000,1000.000000,,
397,197136,"1",,"1",,7.500000,50.000000,5.000000,800.000000,,
398,197137,"1",,"1",,7.500000,50.000000,40.000000,1400.000000,,
399,197138,"1",,"1",,7.500000,50.000000,5.000000,550.000000,,
400,197139,"1",,"1",,7.500000,50.000000,10.000000,700.000000,,
401,197140,"1",,"1",,7.500000,20.000000,1.000000,250.000000,,
402,197141,"1",,"1",,7.500000,40.000000,20.000000,750.000000,,
403,197142,"1",,"1",,7.500000,70.000000,25.000000,1450.000000,,
404,197143,"1",,"1",,7.500000,80.000000,40.000000,1700.000000,,
405,197144,"1",,"1",,7.500000,60.000000,30.000000,1550.000000,,
406,197145,"1",,"1",,7.500000,70.000000,20.000000,1800.000000,,
407,197146,"1",,"1",,7.500000,30.000000,2.000000,300.000000,,
408,197147,"1",,"1",,7.500000,5.000000,0.000000,50.000000,,
409,197148,"1",,"1",,7.500000,60.000000,50.000000,1300.000000,,
410,197149,"1",,"1",,7.500000,50.000000,40.000000,1500.000000,,
411,197150,"1",,"1",,7.500000,50.000000,15.000000,900.000000,,
412,197151,"1",,"1",,7.500000,65.000000,35.000000,1400.000000,,
413,197152,"1",,"1",,7.500000,50.000000,40.000000,1500.000000,,
414,197153,"1",,"1",,7.500000,60.000000,30.000000,1600.000000,,
415,197154,"1",,"1",,7.500000,60.000000,15.000000,1300.000000,,
416,197155,"1",,,,7.500000,2.000000,2.000000,15.000000,,
417,197155,"2",,"1",,7.500000,50.000000,3.000000,750.000000,,
418,197156,"1",,"1",,7.500000,30.000000,3.000000,550.000000,,
419,197157,"1",,"1",,7.500000,20.000000,3.000000,35.000000,,
420,197157,"2",,,,7.500000,30.000000,3.000000,1100.000000,,
421,197158,"1",,"1",,7.500000,60.000000,25.000000,1300.000000,,
422,197159,"1",,"1",,7.500000,70.000000,20.000000,1550.000000,,
423,197160,"1",,"1",,7.500000,60.000000,25.000000,1500.000000,,
424,197161,"1",,"1",,7.500000,60.000000,25.000000,1350.000000,,
425,197162,"1",,"1",,7.500000,50.000000,5.000000,850.000000,,
426,197163,"1",,,,7.500000,10.000000,5.000000,100.000000,,
427,197163,"2",,"1",,7.500000,50.000000,15.000000,1250.000000,,
428,197164,"1",,"1",,7.500000,60.000000,30.000000,1450.000000,,
429,197165,"1",,"1",,7.500000,70.000000,30.000000,1650.000000,,
430,197166,"1",,"1",,7.500000,40.000000,5.000000,250.000000,,
431,197167,"1",,,,7.500000,2.000000,1.000000,15.000000,,
432,197167,"2",,"1",,7.500000,30.000000,1.000000,500.000000,,
433,197168,"1",,"1",,7.500000,40.000000,3.000000,450.000000,,
434,197169,"1",,"1",,7.500000,5.000000,0.000000,15.000000,,
435,197170,"1",,"1",,7.500000,70.000000,20.000000,1600.000000,,
436,197171,"1",,"1",,7.500000,70.000000,40.000000,1400.000000,,
437,197172,"1",,"1",,7.500000,60.000000,15.000000,1400.000000,,
438,197173,"1",,"1",,7.500000,60.000000,30.000000,1500.000000,,
439,197174,"1",,"1",,7.500000,3.000000,0.000000,35.000000,,
440,197176,"1",,"1",,7.500000,35.000000,2.000000,400.000000,,
441,197177,"1",,"1",,7.500000,30.000000,1.000000,250.000000,,
442,197178,"1",,"1",,7.500000,60.000000,40.000000,1250.000000,,
443,197179,"1",,"1",,7.500000,50.000000,30.000000,1000.000000,,
444,197180,"1",,"1",,7.500000,40.000000,3.000000,450.000000,,
445,197181,"1",,"1",,7.500000,50.000000,20.000000,1200.000000,,
446,197182,"1",,"1",,7.500000,50.000000,10.000000,1000.000000,,
447,197183,"1",,"1",,7.500000,60.000000,15.000000,850.000000,,
448,197184,"1",,"1",,7.500000,70.000000,30.000000,1700.000000,,
449,197185,"1",,"1",,7.500000,60.000000,25.000000,1600.000000,,
450,197186,"1",,"1",,7.500000,50.000000,35.000000,1200.000000,,
451,197187,"1",,,,7.500000,2.000000,1.000000,25.000000,,
452,197187,"2",,"1",,7.500000,60.000000,20.000000,1600.000000,,
453,197188,"1",,"1",,7.500000,50.000000,30.000000,1250.000000,,
454,197189,"1",,"1",,7.500000,70.000000,25.000000,1600.000000,,
455,197190,"1",,"1",,7.500000,60.000000,15.000000,1700.000000,,
456,197191,"1",,"1",,7.500000,30.000000,3.000000,350.000000,,
457,197192,"1",,,,7.500000,5.000000,4.000000,35.000000,,
458,197192,"2",,"1",,7.500000,70.000000,20.000000,1750.000000,,
459,197193,"1",,,,7.500000,3.000000,1.000000,10.000000,,
460,197193,"2",,"1",,7.500000,60.000000,10.000000,1200.000000,,
461,197194,"1",,"1",,7.500000,60.000000,10.000000,1000.000000,,
462,197195,"1",,"1",,7.500000,50.000000,15.000000,800.000000,,
463,197196,"1",,"1",,7.500000,70.000000,40.000000,1400.000000,,
464,197197,"1",,"1",,7.500000,10.000000,1.000000,125.000000,,
465,197198,"1",,"1",,7.500000,35.000000,3.000000,750.000000,,
466,197199,"1",,"1",,7.500000,70.000000,25.000000,1700.000000,,
467,197200,"1",,"1",,7.500000,60.000000,20.000000,1600.000000,,
468,197201,"1",,"1",,7.500000,60.000000,5.000000,750.000000,,
469,197202,"1",,"1",,7.500000,70.000000,15.000000,1600.000000,,
470,197203,"1",,"1",,7.500000,60.000000,25.000000,1600.000000,,
471,197204,"1",,"1",,7.500000,60.000000,20.000000,1400.000000,,
472,197205,"1",,"1",,7.500000,50.000000,10.000000,700.000000,,
473,197206,"1",,"1",,7.500000,80.000000,25.000000,1600.000000,,
474,197207,"1",,"1",,7.500000,70.000000,30.000000,1400.000000,,
475,197208,"1",,"1",,7.500000,40.000000,2.000000,500.000000,,
476,197209,"1",,"1",,7.500000,70.000000,25.000000,1650.000000,,
477,197210,"1",,"1",,7.500000,50.000000,10.000000,500.000000,,
478,197211,"1",,"1",,7.500000,60.000000,40.000000,1200.000000,,
479,197212,"1",,"1",,7.500000,60.000000,25.000000,1450.000000,,
480,197213,"1",,,,7.500000,5.000000,3.000000,35.000000,,
481,197213,"2",,"1",,7.500000,60.000000,25.000000,1500.000000,,
482,197214,"1",,"1",,7.500000,30.000000,5.000000,350.000000,,
483,197215,"1",,"1",,7.500000,10.000000,1.000000,150.000000,,
484,197216,"1",,"1",,7.500000,60.000000,25.000000,1600.000000,,
485,197217,"1",,"1",,7.500000,40.000000,10.000000,600.000000,,
486,197218,"1",,"1",,7.500000,45.000000,15.000000,254.000000,,
487,197219,"1",,"1",,7.500000,50.000000,15.000000,1000.000000,,
488,197221,"1",,"1",,7.500000,10.000000,0.000000,15.000000,,
489,197222,"1",,"1",,7.500000,10.000000,1.000000,175.000000,,
490,197223,"1",,"1",,7.500000,60.000000,15.000000,1350.000000,,
491,197224,"1",,,,7.500000,5.000000,2.000000,40.000000,,
492,197224,"2",,"1",,7.500000,70.000000,25.000000,1600.000000,,
493,197225,"1",,"1",,7.500000,60.000000,40.000000,1400.000000,,
494,197226,"1",,"1",,7.500000,60.000000,40.000000,1300.000000,,
495,197227,"1",,"1",,7.500000,20.000000,1.000000,200.000000,,
496,197228,"1",,"1",,7.500000,10.000000,1.000000,80.000000,,
497,197229,"1",,"1",,7.500000,50.000000,30.000000,1400.000000,,
498,197230,"1",,"1",,7.500000,60.000000,40.000000,1500.000000,,
499,197231,"1",,"1",,7.500000,60.000000,30.000000,1300.000000,,
500,197232,"1",,"1",,7.500000,60.000000,30.000000,1400.000000,,
501,197233,"1",,"1",,7.500000,50.000000,20.000000,850.000000,,
502,197234,"1",,"1",,7.500000,30.000000,2.000000,200.000000,,
503,197235,"1",,"1",,7.500000,40.000000,3.000000,450.000000,,
504,197236,"1",,"1",,7.500000,60.000000,30.000000,1500.000000,,
505,197237,"1",,"1",,7.500000,60.000000,15.000000,1150.000000,,
506,197238,"1",,"1",,7.500000,50.000000,15.000000,1100.000000,,
507,197240,"1",,"1",,7.500000,60.000000,50.000000,1650.000000,,
508,197242,"1",,,,7.500000,10.000000,5.000000,100.000000,,
509,197242,"2",,"1",,7.500000,30.000000,3.000000,400.000000,,
510,197243,"1",,"1",,7.500000,20.000000,3.000000,200.000000,,
511,197243,"2",,,,7.500000,20.000000,2.000000,500.000000,,
512,197244,"1",,"1",,7.500000,20.000000,5.000000,50.000000,,
513,197244,"2",,,,7.500000,30.000000,3.000000,750.000000,,
514,197245,"1",,"1",,7.500000,10.000000,0.000000,200.000000,,
515,197246,"1",,,,7.500000,5.000000,3.000000,15.000000,,
516,197246,"2",,"1",,7.500000,50.000000,20.000000,1000.000000,,
517,197247,"1",,"1",,7.500000,60.000000,30.000000,1200.000000,,
518,197248,"1",,"1",,7.500000,50.000000,2.000000,1400.000000,,
519,197249,"1",,"1",,7.500000,10.000000,0.000000,100.000000,,
520,197250,"1",,"1",,7.500000,30.000000,3.000000,350.000000,,
521,197251,"1",,"1",,7.500000,60.000000,30.000000,1300.000000,,
522,197252,"1",,"1",,7.500000,60.000000,5.000000,1000.000000,,
523,197253,"1",,,,7.500000,4.000000,2.000000,15.000000,,
524,197253,"2",,"1",,7.500000,40.000000,2.000000,600.000000,,
525,197254,"1",,"1",,7.500000,50.000000,5.000000,500.000000,,
526,197255,"1",,"1",,7.500000,30.000000,2.000000,300.000000,,
527,197256,"1",,"1",,7.500000,60.000000,20.000000,1000.000000,,
528,197257,"1",,"1",,7.500000,15.000000,1.000000,100.000000,,
529,197258,"1",,"1",,7.500000,60.000000,40.000000,1500.000000,,
530,197259,"1",,"1",,7.500000,40.000000,5.000000,500.000000,,
531,197260,"1",,"1",,7.500000,60.000000,20.000000,1500.000000,,
532,197261,"1",,"1",,7.500000,50.000000,15.000000,950.000000,,
533,197262,"1",,"1",,7.500000,50.000000,20.000000,1000.000000,,
534,197263,"1",,"1",,7.500000,70.000000,30.000000,1700.000000,,
535,197264,"1",,"1",,7.500000,20.000000,5.000000,250.000000,,
536,197265,"1",,"1",,7.500000,50.000000,25.000000,1200.000000,,
537,197266,"1",,"1",,7.500000,50.000000,30.000000,1100.000000,,
538,197267,"1",,"1",,7.500000,40.000000,4.000000,350.000000,,
539,197268,"1",,"1",,7.500000,60.000000,5.000000,1500.000000,,
540,197270,"1",,"1",,7.500000,40.000000,2.000000,1500.000000,,
541,197271,"1",,"1",,7.500000,20.000000,1.000000,250.000000,,
542,197272,"1",,"1",,7.500000,60.000000,20.000000,1400.000000,,
543,197273,"1",,"1",,7.500000,60.000000,25.000000,1100.000000,,
544,197274,"1",,"1",,7.500000,60.000000,10.000000,1300.000000,,
545,197275,"1",,"1",,7.500000,50.000000,5.000000,1000.000000,,
546,197276,"1",,"1",,7.500000,10.000000,1.000000,125.000000,,
547,197277,"1",,"1",,7.500000,60.000000,20.000000,1500.000000,,
548,197278,"1",,"1",,7.500000,50.000000,45.000000,1500.000000,,
549,197279,"1",,"1",,7.500000,50.000000,15.000000,1000.000000,,
550,197280,"1",,"1",,7.500000,50.000000,15.000000,1300.000000,,
551,197281,"1",,"1",,7.500000,45.000000,5.000000,750.000000,,
552,197282,"1",,,,7.500000,5.000000,4.000000,10.000000,,
553,197282,"2",,"1",,7.500000,60.000000,40.000000,1500.000000,,
554,197283,"1",,"1",,7.500000,70.000000,35.000000,1500.000000,,
555,197284,"1",,"1",,7.500000,50.000000,20.000000,1200.000000,,
556,197285,"1",,"1",,7.500000,40.000000,5.000000,500.000000,,
557,197286,"1",,"1",,7.500000,70.000000,25.000000,1500.000000,,
558,197287,"1",,"1",,7.500000,60.000000,30.000000,1450.000000,,
559,197288,"1",,"1",,7.500000,70.000000,25.000000,1600.000000,,
560,197290,"1",,"1",,7.500000,50.000000,4.000000,750.000000,,
561,197291,"1",,"1",,7.500000,60.000000,10.000000,1400.000000,,
562,197292,"1",,"1",,7.500000,50.000000,20.000000,1250.000000,,
563,197293,"1",,"1",,7.500000,60.000000,40.000000,1500.000000,,
564,197294,"1",,"1",,7.500000,60.000000,15.000000,1500.000000,,
565,197295,"1",,"1",,7.500000,20.000000,1.000000,250.000000,,
566,197296,"1",,"1",,7.500000,35.000000,5.000000,500.000000,,
567,197297,"1",,"1",,7.500000,50.000000,15.000000,750.000000,,
568,197298,"1",,"1",,7.500000,50.000000,15.000000,1000.000000,,
569,197299,"1",,"1",,7.500000,45.000000,10.000000,800.000000,,
570,197300,"1",,"1",,7.500000,70.000000,25.000000,1650.000000,,
571,197301,"1",,"1",,7.500000,60.000000,15.000000,1500.000000,,
572,197302,"1",,"1",,7.500000,45.000000,7.000000,650.000000,,
573,197303,"1",,"1",,7.500000,60.000000,20.000000,1450.000000,,
574,197304,"1",,"1",,7.500000,70.000000,35.000000,1700.000000,,
575,197305,"1",,"1",,7.500000,40.000000,10.000000,1000.000000,,
576,197306,"1",,"1",,7.500000,35.000000,2.000000,500.000000,,
577,197308,"1",,,,7.500000,5.000000,1.000000,10.000000,,
578,197308,"2",,"1",,7.500000,50.000000,5.000000,650.000000,,
579,197310,"1",,"1",,7.500000,50.000000,15.000000,1250.000000,,
580,197311,"1",,"1",,7.500000,15.000000,1.000000,150.000000,,
581,197312,"1",,"1",,7.500000,45.000000,5.000000,800.000000,,
582,197313,"1",,"1",,7.500000,60.000000,45.000000,1500.000000,,
583,197314,"1",,"1",,7.500000,50.000000,15.000000,1000.000000,,
584,197315,"1",,,,7.500000,5.000000,1.000000,15.000000,,
585,197315,"2",,"1",,7.500000,50.000000,4.000000,450.000000,,
586,197316,"1",,"1",,7.500000,60.000000,25.000000,1500.000000,,
587,197317,"1",,,,7.500000,10.000000,3.000000,15.000000,,
588,197317,"2",,"1",,7.500000,50.000000,3.000000,750.000000,,
589,197318,"1",,,,7.500000,5.000000,2.000000,25.000000,,
590,197318,"2",,"1",,7.500000,50.000000,2.000000,600.000000,,
591,197319,"1",,,,7.500000,3.000000,1.000000,15.000000,,
592,197319,"2",,"1",,7.500000,70.000000,25.000000,1400.000000,,
593,197320,"1",,"1",,7.500000,60.000000,25.000000,1100.000000,,
594,197321,"1",,"1",,7.500000,80.000000,30.000000,1800.000000,,
595,197322,"1",,"1",,7.500000,60.000000,20.000000,1200.000000,,
596,197323,"1",,"1",,7.500000,30.000000,45.000000,1350.000000,,
597,197324,"1",,"1",,7.500000,30.000000,2.000000,300.000000,,
598,197325,"1",,"1",,7.500000,35.000000,4.000000,400.000000,,
599,197326,"1",,"1",,7.500000,70.000000,55.000000,1800.000000,,
600,197327,"1",,"1",,7.500000,70.000000,35.000000,1700.000000,,
601,197328,"1",,"1",,7.500000,60.000000,40.000000,1500.000000,,
602,197329,"1",,,,7.500000,2.000000,1.000000,10.000000,,
603,197329,"2",,"1",,7.500000,70.000000,35.000000,1750.000000,,
604,197330,"1",,"1",,7.500000,45.000000,1.000000,750.000000,,
605,197331,"1",,"1",,7.500000,2.000000,0.000000,5.000000,,
606,197332,"1",,"1",,7.500000,15.000000,2.000000,250.000000,,
607,197333,"1",,"1",,7.500000,40.000000,3.000000,350.000000,,
608,197334,"1",,"1",,7.500000,60.000000,40.000000,1700.000000,,
609,197335,"1",,"1",,7.500000,50.000000,20.000000,1100.000000,,
610,197336,"1",,"1",,7.500000,50.000000,15.000000,1200.000000,,
611,197337,"1",,"1",,7.500000,60.000000,50.000000,1450.000000,,
612,197338,"1",,"1",,7.500000,60.000000,15.000000,800.000000,,
613,197339,"1",,"1",,7.500000,70.000000,20.000000,1700.000000,,
614,197340,"1",,"1",,7.500000,40.000000,3.000000,400.000000,,
615,197341,"1",,"1",,7.500000,50.000000,15.000000,750.000000,,
616,197342,"1",,,,7.500000,3.000000,1.000000,10.000000,,
617,197342,"2",,"1",,7.500000,50.000000,2.000000,750.000000,,
618,197343,"1",,"1",,7.500000,40.000000,5.000000,600.000000,,
619,197344,"1",,"1",,7.500000,40.000000,15.000000,450.000000,,
620,197345,"1",,"1",,7.500000,40.000000,5.000000,500.000000,,
621,197346,"1",,"1",,7.500000,60.000000,25.000000,1400.000000,,
622,197347,"1",,"1",,7.500000,10.000000,1.000000,150.000000,,
623,197348,"1",,"1",,7.500000,50.000000,10.000000,600.000000,,
624,197349,"1",,"1",,7.500000,35.000000,5.000000,300.000000,,
625,197350,"1",,"1",,7.500000,70.000000,40.000000,1700.000000,,
626,197351,"1",,"1",,7.500000,60.000000,20.000000,1500.000000,,
627,197352,"1",,"1",,7.500000,15.000000,1.000000,100.000000,,
628,197353,"1",,"1",,7.500000,60.000000,25.000000,1250.000000,,
629,197354,"1",,"1",,7.500000,50.000000,10.000000,750.000000,,
630,197355,"1",,"1",,7.500000,30.000000,5.000000,250.000000,,
631,197356,"1",,"1",,7.500000,10.000000,1.000000,50.000000,,
632,197357,"1",,"1",,7.500000,20.000000,1.000000,150.000000,,
633,197358,"1",,"1",,7.500000,60.000000,15.000000,1100.000000,,
634,197359,"1",,"1",,7.500000,20.000000,3.000000,200.000000,,
635,197359,"2",,,,7.500000,40.000000,12.000000,1300.000000,,
636,197360,"1",,"1",,7.500000,40.000000,3.000000,450.000000,,
637,197361,"1",,"1",,7.500000,50.000000,15.000000,750.000000,,
638,197362,"1",,"1",,7.500000,40.000000,15.000000,350.000000,,
639,197362,"2",,,,7.500000,10.000000,1.000000,500.000000,,
640,197363,"1",,"1",,7.500000,15.000000,1.000000,250.000000,,
641,197364,"1",,"1",,7.500000,60.000000,25.000000,1200.000000,,
642,197365,"1",,"1",,7.500000,20.000000,4.000000,200.000000,,
643,197365,"2",,,,7.500000,30.000000,4.000000,1000.000000,,
644,197366,"1",,"1",,7.500000,10.000000,0.000000,25.000000,,
645,197367,"1",,"1",,7.500000,40.000000,7.000000,600.000000,,
646,197368,"1",,"1",,7.500000,10.000000,1.000000,150.000000,,
647,197369,"1",,"1",,7.500000,5.000000,0.000000,30.000000,,
648,197370,"1",,"1",,7.500000,50.000000,20.000000,1250.000000,,
649,197371,"1",,"1",,7.500000,40.000000,20.000000,1000.000000,,
650,197372,"1",,,,7.500000,5.000000,2.000000,35.000000,,
651,197372,"2",,"1",,7.500000,60.000000,25.000000,1600.000000,,
652,197373,"1",,"1",,7.500000,50.000000,15.000000,1150.000000,,
653,197374,"1",,"1",,7.500000,50.000000,30.000000,1600.000000,,
654,197375,"1",,"1",,7.500000,50.000000,35.000000,247.000000,,
655,197376,"1",,"1",,7.500000,60.000000,35.000000,1600.000000,,
656,197377,"1",,"1",,7.500000,60.000000,30.000000,1450.000000,,
657,197378,"1",,"1",,7.500000,60.000000,20.000000,1150.000000,,
658,197379,"1",,"1",,7.500000,10.000000,1.000000,100.000000,,
659,197380,"1",,"1",,7.500000,50.000000,40.000000,1200.000000,,
660,197381,"1",,"1",,7.500000,60.000000,50.000000,1600.000000,,
661,197382,"1",,"1",,7.500000,70.000000,35.000000,1550.000000,,
662,197383,"1",,"1",,7.500000,15.000000,1.000000,150.000000,,
663,197384,"1",,"1",,7.500000,50.000000,15.000000,850.000000,,
664,197385,"1",,"1",,7.500000,50.000000,10.000000,650.000000,,
665,197386,"1",,"1",,7.500000,50.000000,25.000000,1200.000000,,
666,197387,"1",,"1",,7.500000,50.000000,20.000000,1000.000000,,
667,197388,"1",,"1",,7.500000,20.000000,2.000000,250.000000,,
668,197389,"1",,"1",,7.500000,70.000000,25.000000,1600.000000,,
669,197390,"1",,"1",,7.500000,50.000000,15.000000,850.000000,,
670,197391,"1",,"1",,7.500000,15.000000,2.000000,250.000000,,
671,197392,"1",,"1",,7.500000,5.000000,0.000000,50.000000,,
672,197394,"1",,,,7.500000,4.000000,2.000000,15.000000,,
673,197394,"2",,"1",,7.500000,50.000000,2.000000,1000.000000,,
674,197395,"1",,"1",,7.500000,80.000000,30.000000,1600.000000,,
675,197396,"1",,"1",,7.500000,45.000000,5.000000,750.000000,,
676,197397,"1",,"1",,7.500000,60.000000,10.000000,1100.000000,,
677,197398,"1",,"1",,7.500000,35.000000,3.000000,300.000000,,
678,197399,"1",,"1",,7.500000,35.000000,10.000000,550.000000,,
679,197400,"1",,"1",,7.500000,40.000000,2.000000,200.000000,,
680,197401,"1",,"1",,7.500000,10.000000,1.000000,100.000000,,
681,197402,"1",,,,7.500000,3.000000,1.000000,20.000000,,
682,197402,"2",,"1",,7.500000,60.000000,10.000000,1200.000000,,
683,197403,"1",,"1",,7.500000,30.000000,3.000000,250.000000,,
684,197404,"1",,"1",,7.500000,45.000000,15.000000,850.000000,,
685,197405,"1",,"1",,7.500000,60.000000,30.000000,1600.000000,,
686,197406,"1",,"1",,7.500000,30.000000,1.000000,300.000000,,
687,197407,"1",,,,7.500000,10.000000,2.000000,35.000000,,
688,197407,"2",,"1",,7.500000,20.000000,1.000000,350.000000,,
689,197408,"1",,"1",,7.500000,60.000000,20.000000,1600.000000,,
690,197409,"1",,"1",,7.500000,70.000000,30.000000,1700.000000,,
691,197410,"1",,"1",,7.500000,50.000000,25.000000,1200.000000,,
692,197411,"1",,"1",,7.500000,35.000000,3.000000,250.000000,,
693,197412,"1",,"1",,7.500000,20.000000,3.000000,200.000000,,
694,197413,"1",,"1",,7.500000,60.000000,50.000000,1400.000000,,
695,197414,"1",,"1",,7.500000,10.000000,1.000000,150.000000,,
696,197415,"1",,,,7.500000,5.000000,5.000000,25.000000,,
697,197415,"2",,"1",,7.500000,60.000000,35.000000,1600.000000,,
698,197416,"1",,"1",,7.500000,50.000000,10.000000,900.000000,,
699,197417,"1",,"1",,7.500000,70.000000,20.000000,1400.000000,,
700,197418,"1",,"1",,7.500000,15.000000,2.000000,150.000000,,
701,197419,"1",,"1",,7.500000,60.000000,50.000000,1200.000000,,
702,197420,"1",,"1",,7.500000,70.000000,35.000000,1550.000000,,
703,197421,"1",,,,7.500000,5.000000,2.000000,15.000000,,
704,197421,"2",,"1",,7.500000,30.000000,1.000000,350.000000,,
705,197422,"1",,"1",,7.500000,45.000000,10.000000,850.000000,,
706,197423,"1",,"1",,7.500000,30.000000,5.000000,350.000000,,
707,197424,"1",,"1",,7.500000,50.000000,10.000000,1000.000000,,
708,197425,"1",,"1",,7.500000,30.000000,2.000000,200.000000,,
709,197426,"1",,"1",,7.500000,50.000000,10.000000,1000.000000,,
710,197427,"1",,"1",,7.500000,10.000000,1.000000,200.000000,,
711,197428,"1",,"1",,7.500000,15.000000,1.000000,150.000000,,
712,197429,"1",,"1",,7.500000,40.000000,15.000000,750.000000,,
713,197430,"1",,"1",,7.500000,50.000000,25.000000,1000.000000,,
714,197431,"1",,"1",,7.500000,60.000000,35.000000,1350.000000,,
715,197432,"1",,"1",,7.500000,50.000000,40.000000,244.000000,,
716,197433,"1",,"1",,7.500000,70.000000,25.000000,1650.000000,,
717,197434,"1",,"1",,7.500000,60.000000,35.000000,1500.000000,,
718,197435,"1",,"1",,7.500000,20.000000,1.000000,200.000000,,
719,197436,"1",,"1",,7.500000,60.000000,15.000000,1000.000000,,
720,197437,"1",,,,7.500000,10.000000,3.000000,25.000000,,
721,197437,"2",,"1",,7.500000,50.000000,2.000000,500.000000,,
722,197438,"1",,"1",,7.500000,60.000000,25.000000,1600.000000,,
723,197439,"1",,"1",,7.500000,70.000000,25.000000,1700.000000,,
724,197440,"1",,"1",,7.500000,30.000000,1.000000,250.000000,,
725,197441,"1",,"1",,7.500000,20.000000,0.000000,250.000000,,
726,197442,"1",,"1",,7.500000,35.000000,2.000000,350.000000,,
727,197443,"1",,"1",,7.500000,30.000000,5.000000,250.000000,,
728,197444,"1",,"1",,7.500000,50.000000,25.000000,1100.000000,,
729,197446,"1",,"1",,7.500000,70.000000,20.000000,1650.000000,,
730,197447,"1",,"1",,7.500000,60.000000,20.000000,1200.000000,,
731,197448,"1",,"1",,7.500000,35.000000,4.000000,400.000000,,
732,197449,"1",,"1",,7.500000,50.000000,3.000000,1000.000000,,
733,197450,"1",,"1",,7.500000,70.000000,25.000000,1500.000000,,
734,197451,"1",,"1",,7.500000,60.000000,20.000000,1000.000000,,
735,197452,"1",,"1",,7.500000,70.000000,15.000000,1500.000000,,
736,197453,"1",,"1",,7.500000,50.000000,15.000000,1000.000000,,
737,197454,"1",,"1",,7.500000,60.000000,50.000000,1500.000000,,
738,197455,"1",,"1",,7.500000,40.000000,5.000000,750.000000,,
739,197456,"1",,"1",,7.500000,35.000000,5.000000,300.000000,,
740,197457,"1",,"1",,7.500000,15.000000,1.000000,150.000000,,
741,197458,"1",,"1",,7.500000,15.000000,1.000000,150.000000,,
742,197459,"1",,"1",,7.500000,50.000000,15.000000,1000.000000,,
743,197460,"1",,"1",,7.500000,50.000000,30.000000,1200.000000,,
744,197461,"1",,"1",,7.500000,80.000000,25.000000,1600.000000,,
745,197462,"1",,"1",,7.500000,30.000000,1.000000,350.000000,,
746,197463,"1",,,,7.500000,5.000000,1.000000,15.000000,,
747,197463,"2",,"1",,7.500000,60.000000,15.000000,1250.000000,,
748,197464,"1",,"1",,7.500000,50.000000,10.000000,900.000000,,
749,197465,"1",,"1",,7.500000,25.000000,1.000000,250.000000,,
750,197466,"1",,"1",,7.500000,50.000000,15.000000,850.000000,,
751,197467,"1",,"1",,7.500000,20.000000,1.000000,100.000000,,
752,197468,"1",,"1",,7.500000,50.000000,15.000000,750.000000,,
753,197469,"1",,"1",,7.500000,40.000000,15.000000,1000.000000,,
754,197470,"1",,"1",,7.500000,40.000000,3.000000,450.000000,,
755,197471,"1",,"1",,7.500000,50.000000,5.000000,750.000000,,
756,197472,"1",,"1",,7.500000,30.000000,3.000000,300.000000,,
757,197473,"1",,"1",,7.500000,40.000000,20.000000,750.000000,,
758,197474,"1",,"1",,7.500000,40.000000,5.000000,550.000000,,
759,197475,"1",,"1",,7.500000,60.000000,50.000000,1600.000000,,
760,197477,"1",,"1",,7.500000,40.000000,7.000000,350.000000,,
761,197478,"1",,,,7.500000,10.000000,5.000000,50.000000,,
762,197478,"2",,"1",,7.500000,50.000000,30.000000,1400.000000,,
763,197479,"1",,"1",,7.500000,60.000000,50.000000,1450.000000,,
764,197480,"1",,"1",,7.500000,60.000000,30.000000,1550.000000,,
765,197481,"1",,"1",,7.500000,25.000000,1.000000,300.000000,,
766,197482,"1",,"1",,7.500000,60.000000,10.000000,1250.000000,,
767,197483,"1",,"1",,7.500000,60.000000,30.000000,1450.000000,,
768,197484,"1",,"1",,7.500000,40.000000,4.000000,400.000000,,
769,197485,"1",,"1",,7.500000,15.000000,1.000000,100.000000,,
770,197486,"1",,"1",,7.500000,15.000000,1.000000,150.000000,,
771,197487,"1",,"1",,7.500000,30.000000,2.000000,300.000000,,
772,197488,"1",,"1",,7.500000,60.000000,10.000000,1600.000000,,
773,197489,"1",,"1",,7.500000,70.000000,15.000000,1600.000000,,
774,197490,"1",,"1",,7.500000,80.000000,40.000000,2500.000000,,
775,197491,"1",,"1",,7.500000,60.000000,20.000000,1500.000000,,
776,197492,"1",,,,7.500000,5.000000,3.000000,15.000000,,
777,197492,"2",,"1",,7.500000,50.000000,5.000000,750.000000,,
778,197493,"1",,"1",,7.500000,60.000000,10.000000,1250.000000,,
779,197494,"1",,"1",,7.500000,60.000000,40.000000,1500.000000,,
780,197495,"1",,,,7.500000,5.000000,1.000000,25.000000,,
781,197495,"2",,"1",,7.500000,60.000000,2.000000,800.000000,,
782,197496,"1",,"1",,7.500000,50.000000,25.000000,1000.000000,,
783,197497,"1",,"1",,7.500000,20.000000,2.000000,250.000000,,
784,197498,"1",,"1",,7.500000,9.000000,0.000000,40.000000,,
785,197499,"1",,"1",,7.500000,30.000000,4.000000,200.000000,,
786,197501,"1",,"1",,7.500000,40.000000,10.000000,1000.000000,,
787,197502,"1",,"1",,7.500000,30.000000,2.000000,300.000000,,
788,197503,"1",,"1",,7.500000,40.000000,4.000000,750.000000,,
789,197504,"1",,"1",,7.500000,50.000000,10.000000,750.000000,,
790,197510,"1",,"1",,7.500000,30.000000,,,,
791,197513,"1",,"1",,7.500000,50.000000,,,,
792,197514,"1",,"1",,7.500000,20.000000,,,,
793,197525,"1",,"1",,7.500000,50.000000,,,,
794,197531,"1",,"1",,7.500000,20.000000,,,,
795,197532,"1",,"1",,7.500000,20.000000,,,,
796,197542,"1",,"1",,7.500000,35.000000,,,,
797,197544,"1",,"2",,7.500000,20.000000,,320.000000,,
798,197544,"2",,"1",,7.500000,3.000000,,3480.000000,"FD",15.000000
799,197552,"1",,"1",,7.500000,15.000000,,2500.000000,"BL",15.000000
800,197554,"1",,"1",,7.500000,20.000000,,4152.000000,"FD",20.000000
801,197566,"1",,"1",,7.500000,20.000000,,,,
802,197567,"1",,"1",,7.500000,40.000000,,,,
803,197568,"1",,"1",,7.500000,30.000000,,,,
804,197576,"1",,"1",,7.500000,50.000000,,,,
805,197577,"1",,"1",,7.500000,70.000000,,,,
806,197582,"1",,"1",,7.500000,70.000000,,,,
807,197598,"1",,"1",,7.500000,60.000000,,,,
808,197601,"1",,"1",,7.500000,10.000000,,288.000000,"FD",13.000000
809,197601,"2",,"2",,7.500000,2.000000,,2750.000000,"PL",18.000000
810,197602,"1",,"1",,7.500000,10.000000,,,,
811,197608,"1",,"1",,7.500000,60.000000,,,,
812,197609,"1",,"1",,7.500000,50.000000,,,,
813,197616,"1",,"1",,7.500000,30.000000,,,,
814,197632,"1",,"1",,7.500000,70.000000,,,,
815,197634,"1",,"1",,7.500000,50.000000,,,,
816,197639,"1",,"1",,7.500000,50.000000,,,,
817,197641,"1",,"1",,7.500000,20.000000,,,,
818,197641,"2",,,,7.500000,10.000000,,,"FD",13.000000
819,197641,"3",,,,7.500000,1.000000,,,"FD",12.000000
820,197646,"1",,"1",,7.500000,60.000000,,,,
821,197649,"1",,"1",,7.500000,70.000000,,,,
822,197653,"1",,"1",,7.500000,80.000000,,,,
823,197657,"1",,"1",,7.500000,40.000000,,,,
824,197661,"1",,"1",,7.500000,40.000000,,,,
825,197663,"1",,"1",,7.500000,40.000000,,,,
826,197665,"1",,"1",,7.500000,60.000000,,,,
827,197670,"1",,"1",,7.500000,10.000000,,,,
828,197680,"1",,"1",,7.500000,50.000000,,,,
829,197682,"1",,"1",,7.500000,15.000000,,2500.000000,"BL",15.000000
830,197684,"1",,"1",,7.500000,60.000000,,,,
831,197687,"1",,"1",,7.500000,60.000000,,,,
832,197692,"1",,"1",,7.500000,30.000000,,,,
833,197699,"1",,"1",,7.500000,50.000000,,,,
834,197706,"1",,"1",,7.500000,40.000000,,,,
835,197707,"1",,"1",,7.500000,60.000000,,,,
836,197709,"1",,"1",,7.500000,20.000000,,,,
837,197713,"1",,"1",,7.500000,70.000000,,,,
838,197716,"1",,"1",,7.500000,60.000000,,,,
839,197717,"1",,"1",,7.500000,70.000000,,,,
840,197725,"1",,"1",,7.500000,60.000000,,,,
841,197727,"1",,"1",,7.500000,60.000000,,,,
842,197731,"1",,"1",,7.500000,70.000000,,,,
843,197737,"1",,"1",,7.500000,30.000000,,3876.000000,"FD",18.000000
844,197744,"1",,"1",,7.500000,60.000000,,,,
845,197749,"1",,"1",,7.500000,70.000000,,,,
846,197757,"1",,"1",,7.500000,60.000000,,,,
847,197764,"1",,"1",,7.500000,40.000000,,,,
848,197768,"1",,"1",,7.500000,10.000000,,2560.000000,"FD",20.000000
849,197774,"1",,"1",,7.500000,40.000000,,,,
850,197776,"1",,"1",,7.500000,60.000000,,,,
851,197778,"1",,"1",,7.500000,60.000000,,,,
852,197779,"1",,"1",,7.500000,70.000000,,,,
853,197780,"1",,"1",,7.500000,40.000000,,,,
854,197781,"1",,"1",,7.500000,10.000000,,,,
855,197785,"1",,"1",,7.500000,30.000000,,,,
856,197793,"1",,"1",,7.500000,60.000000,,,,
857,197802,"1",,"1",,7.500000,15.000000,,,,
858,197809,"1",,"1",,7.500000,70.000000,,,,
859,197818,"1",,"1",,7.500000,60.000000,,,,
860,197819,"1",,"1",,7.500000,60.000000,,,,
861,197821,"1",,"1",,7.500000,30.000000,,288.000000,"FD",13.000000
862,197821,"2",,"2",,7.500000,1.000000,,2750.000000,"PL",18.000000
863,197824,"1",,"1",,7.500000,30.000000,,,,
864,197835,"1",,"1",,7.500000,40.000000,,271.000000,,
865,197835,"2",,"2",,7.500000,10.000000,,3493.000000,"FD",11.000000
866,197840,"1",,"1",,7.500000,60.000000,,,,
867,197843,"1",,"1",,7.500000,70.000000,,,,
868,197857,"1",,"1",,7.500000,10.000000,,8855.000000,"BL",21.000000
869,197867,"1",,"1",,7.500000,60.000000,,,,
870,197868,"1",,"1",,7.500000,80.000000,,,,
871,197870,"1",,"1",,7.500000,50.000000,,,,
872,197872,"1",,"1",,7.500000,70.000000,,,,
873,197873,"1",,"1",,7.500000,70.000000,,,,
874,197879,"1",,"1",,7.500000,70.000000,,,,
875,197881,"1",,"1",,7.500000,50.000000,,,,
876,197883,"1",,"1",,7.500000,50.000000,,,,
877,197885,"1",,"1",,7.500000,30.000000,,,,
878,197900,"1",,"1",,7.500000,30.000000,,,,
879,197902,"1",,"1",,7.500000,50.000000,,,,
880,197904,"1",,"1",,7.500000,30.000000,,,,
881,197909,"1",,"1",,7.500000,35.000000,,,,
882,197919,"1",,"1",,7.500000,70.000000,,,,
883,197927,"1",,"1",,7.500000,60.000000,,,,
884,197929,"1",,"1",,7.500000,40.000000,,,,
885,197941,"1",,"1",,7.500000,60.000000,,,,
886,197942,"1",,"1",,7.500000,80.000000,,,,
887,197944,"1",,"1",,7.500000,60.000000,,,,
888,197945,"1",,"1",,7.500000,40.000000,,2100.000000,"FD",10.000000
889,197950,"1",,"1",,7.500000,50.000000,,,,
890,197951,"1",,"1",,7.500000,30.000000,,,,
891,197952,"1",,"1",,7.500000,60.000000,,,,
892,197956,"1",,"1",,7.500000,50.000000,15.000000,500.000000,,
893,197961,"1",,"1",,7.500000,20.000000,4.000000,200.000000,,
894,197963,"1",,,,7.500000,5.000000,4.000000,15.000000,,
895,197963,"2",,"1",,7.500000,60.000000,15.000000,1000.000000,,
896,197965,"1",,"1",,7.500000,50.000000,40.000000,1300.000000,,
897,197968,"1",,"1",,7.500000,45.000000,10.000000,450.000000,,
898,197970,"1",,"1",,7.500000,10.000000,1.000000,150.000000,,
899,197972,"1",,"1",,7.500000,3.000000,0.000000,10.000000,,
900,197974,"1",,"1",,7.500000,50.000000,55.000000,1400.000000,,
901,197975,"1",,"1",,7.500000,35.000000,10.000000,400.000000,,
902,197976,"1",,"1",,7.500000,50.000000,10.000000,750.000000,,
903,197996,"1",,"1",,7.500000,40.000000,2.000000,150.000000,,
904,197999,"1",,"1",,7.500000,20.000000,3.000000,200.000000,,
905,198000,"1",,"1",,7.500000,40.000000,15.000000,600.000000,,
906,198003,"1",,"1",,7.500000,30.000000,5.000000,250.000000,,
907,198006,"1",,,,7.500000,3.000000,3.000000,10.000000,,
908,198006,"2",,"1",,7.500000,60.000000,30.000000,1200.000000,,
909,198015,"1",,"1",,7.500000,2.000000,0.000000,20.000000,,
910,198022,"1",,"1",,7.500000,3.000000,1.000000,10.000000,,
911,198025,"1",,"1",,7.500000,60.000000,30.000000,1200.000000,,
912,198026,"1",,"1",,7.500000,40.000000,15.000000,750.000000,,
913,198029,"1",,"1",,7.500000,50.000000,20.000000,1100.000000,,
914,198033,"1",,"1",,7.500000,60.000000,15.000000,1000.000000,,
915,198034,"1",,"1",,7.500000,35.000000,15.000000,800.000000,,
916,198035,"1",,"1",,7.500000,2.000000,0.000000,25.000000,,
917,198036,"1",,"1",,7.500000,60.000000,50.000000,1650.000000,,
918,198037,"1",,"1",,7.500000,3.000000,0.000000,10.000000,,
919,198044,"1",,"1",,7.500000,3.000000,0.000000,10.000000,,
920,198046,"1",,"1",,7.500000,30.000000,3.000000,250.000000,,
921,198047,"1",,"1",,7.500000,5.000000,0.000000,10.000000,,
922,198054,"1",,"1",,7.500000,10.000000,0.000000,15.000000,,
923,198060,"1",,"1",,7.500000,50.000000,15.000000,600.000000,,
924,198062,"1",,"1",,7.500000,30.000000,2.000000,600.000000,,
925,198065,"1",,"1",,7.500000,50.000000,30.000000,1200.000000,,
926,198068,"1",,"1",,7.500000,40.000000,15.000000,800.000000,,
927,198072,"1",,"1",,7.500000,35.000000,10.000000,400.000000,,
928,198075,"1",,"1",,7.500000,60.000000,30.000000,1250.000000,,
929,198076,"1",,"1",,7.500000,40.000000,15.000000,750.000000,,
930,198077,"1",,"1",,7.500000,10.000000,3.000000,150.000000,,
931,198078,"1",,"1",,7.500000,35.000000,5.000000,350.000000,,
932,198081,"1",,"1",,7.500000,30.000000,3.000000,350.000000,,
933,198087,"1",,"1",,7.500000,50.000000,30.000000,736.000000,,
934,198088,"1",,"1",,7.500000,60.000000,25.000000,1200.000000,,
935,198092,"1",,"1",,7.500000,40.000000,10.000000,500.000000,,
936,198093,"1",,"1",,7.500000,35.000000,5.000000,450.000000,,
937,198095,"1",,"1",,7.500000,40.000000,25.000000,850.000000,,
938,198097,"1",,"1",,7.500000,40.000000,15.000000,900.000000,,
939,198098,"1",,"1",,7.500000,40.000000,10.000000,500.000000,,
940,198102,"1",,,,7.500000,5.000000,5.000000,25.000000,,
941,198102,"2",,"1",,7.500000,60.000000,35.000000,1600.000000,,
942,198103,"1",,"1",,7.500000,50.000000,25.000000,750.000000,,
943,198104,"1",,"1",,7.500000,10.000000,3.000000,150.000000,,
944,198109,"1",,"1",,7.500000,40.000000,5.000000,750.000000,,
945,198121,"1",,"1",,7.500000,55.000000,5.000000,1200.000000,,
946,198134,"1",,,,7.500000,5.000000,5.000000,25.000000,,
947,198134,"2",,"1",,7.500000,60.000000,35.000000,1600.000000,,
948,198142,"1",,"1",,7.500000,20.000000,10.000000,200.000000,,
949,198142,"2",,,,7.500000,50.000000,15.000000,1000.000000,,
950,198149,"1",,"1",,7.500000,20.000000,3.000000,150.000000,,
951,198150,"1",,"1",,7.500000,60.000000,15.000000,2000.000000,,
952,198151,"1",,"1",,7.500000,20.000000,2.000000,75.000000,,
953,198156,"1",,"1",,7.500000,15.000000,2.000000,200.000000,,
954,198165,"1",,,,7.500000,4.000000,2.000000,10.000000,,
955,198165,"2",,"1",,7.500000,70.000000,40.000000,1800.000000,,
956,198166,"1",,"1",,7.500000,30.000000,5.000000,350.000000,,
957,198171,"1",,"1",,7.500000,20.000000,1.000000,250.000000,,
958,198174,"1",,"1",,7.500000,50.000000,15.000000,850.000000,,
959,198175,"1",,"1",,7.500000,45.000000,12.000000,750.000000,,
960,198177,"1",,"1",,7.500000,40.000000,5.000000,250.000000,,
961,198185,"1",,"1",,7.500000,40.000000,15.000000,850.000000,,
962,198197,"1",,"1",,7.500000,3.000000,0.000000,15.000000,,
963,198200,"1",,"1",,7.500000,30.000000,5.000000,350.000000,,
964,198201,"1",,"1",,7.500000,10.000000,1.000000,1290.000000,"FD",12.000000
965,198202,"1",,"1",,7.500000,60.000000,55.000000,1250.000000,,
966,198203,"1",,"1",,7.500000,30.000000,5.000000,400.000000,,
967,198217,"1",,"1",,7.500000,5.000000,0.000000,10.000000,,
968,198218,"1",,"1",,7.500000,20.000000,1.000000,250.000000,,
969,198219,"1",,"1",,7.500000,40.000000,15.000000,750.000000,,
970,198228,"1",,"1",,7.500000,50.000000,25.000000,850.000000,,
971,198229,"1",,,,7.500000,4.000000,2.000000,15.000000,,
972,198229,"2",,"1",,7.500000,60.000000,10.000000,850.000000,,
973,198230,"1",,"1",,7.500000,50.000000,25.000000,1000.000000,,
974,198234,"1",,,,7.500000,2.000000,2.000000,10.000000,,
975,198234,"2",,"1",,7.500000,60.000000,20.000000,1100.000000,,
976,198237,"1",,"1",,7.500000,15.000000,3.000000,250.000000,,
977,198238,"1",,"1",,7.500000,35.000000,15.000000,500.000000,,
978,198248,"1",,"1",,7.500000,30.000000,5.000000,250.000000,,
979,198251,"1",,"1",,7.500000,60.000000,20.000000,1000.000000,,
980,198259,"1",,"1",,7.500000,60.000000,60.000000,1500.000000,,
981,198260,"1",,"1",,7.500000,30.000000,4.000000,150.000000,,
982,198266,"1",,"1",,7.500000,15.000000,2.000000,200.000000,,
983,198267,"1",,"1",,7.500000,20.000000,3.000000,250.000000,,
984,198269,"1",,"1",,7.500000,30.000000,5.000000,300.000000,,
985,198276,"1",,"1",,7.500000,60.000000,10.000000,500.000000,,
986,198277,"1",,"1",,7.500000,40.000000,15.000000,750.000000,,
987,198279,"1",,"1",,7.500000,35.000000,5.000000,400.000000,,
988,198282,"1",,"1",,7.500000,50.000000,35.000000,1150.000000,,
989,198286,"1",,,,7.500000,5.000000,5.000000,20.000000,,
990,198286,"2",,"1",,7.500000,50.000000,15.000000,1100.000000,,
991,198290,"1",,"1",,7.500000,20.000000,1.000000,250.000000,,
992,198295,"1",,"1",,7.500000,40.000000,15.000000,500.000000,,
993,198296,"1",,"1",,7.500000,40.000000,30.000000,1000.000000,,
994,198297,"1",,"1",,7.500000,40.000000,10.000000,700.000000,,
995,198300,"1",,"1",,7.500000,40.000000,3.000000,350.000000,,
996,198304,"1",,"1",,7.500000,2.000000,0.000000,5.000000,,
997,198306,"1",,,,7.500000,5.000000,5.000000,20.000000,,
998,198306,"2",,"1",,7.500000,50.000000,15.000000,800.000000,,
999,198309,"1",,"1",,7.500000,50.000000,10.000000,750.000000,,
1000,198314,"1",,"1",,7.500000,30.000000,10.000000,450.000000,,
1001,198317,"1",,,,7.500000,10.000000,3.000000,50.000000,,
1002,198317,"2",,"1",,7.500000,40.000000,5.000000,750.000000,,
1003,198320,"1",,"1",,7.500000,45.000000,30.000000,711.000000,,
1004,198322,"1",,"1",,7.500000,35.000000,5.000000,250.000000,,
1005,198326,"1",,"1",,7.500000,50.000000,10.000000,750.000000,,
1006,198328,"1",,"1",,7.500000,2.000000,0.000000,15.000000,,
1007,198330,"1",,,,7.500000,4.000000,2.000000,15.000000,,
1008,198330,"2",,"1",,7.500000,40.000000,2.000000,600.000000,,
1009,198341,"1",,,,7.500000,5.000000,5.000000,30.000000,,
1010,198341,"2",,"1",,7.500000,60.000000,35.000000,1400.000000,,
1011,198345,"1",,"1",,7.500000,30.000000,7.000000,350.000000,,
1012,198348,"1",,"1",,7.500000,35.000000,10.000000,550.000000,,
1013,198352,"1",,"1",,7.500000,10.000000,2.000000,150.000000,,
1014,198353,"1",,"1",,7.500000,35.000000,7.000000,109.000000,,
1015,198356,"1",,"1",,7.500000,25.000000,5.000000,300.000000,,
1016,198357,"1",,"1",,7.500000,50.000000,40.000000,244.000000,,
1017,198361,"1",,"1",,7.500000,50.000000,20.000000,1200.000000,,
1018,198368,"1",,"1",,7.500000,50.000000,45.000000,1400.000000,,
1019,198372,"1",,"1",,7.500000,5.000000,0.000000,10.000000,,
1020,198379,"1",,"1",,7.500000,50.000000,20.000000,800.000000,,
1021,198380,"1",,"1",,7.500000,40.000000,15.000000,650.000000,,
1022,198380,"2",,,,7.500000,10.000000,3.000000,450.000000,,
1023,198386,"1",,"1",,7.500000,40.000000,15.000000,450.000000,,
1024,198391,"1",,"1",,7.500000,30.000000,3.000000,250.000000,,
1025,198394,"1",,,,7.500000,4.000000,2.000000,10.000000,,
1026,198394,"2",,"1",,7.500000,70.000000,20.000000,1750.000000,,
1027,198397,"1",,,,7.500000,5.000000,3.000000,15.000000,,
1028,198397,"2",,"1",,7.500000,60.000000,20.000000,1650.000000,,
1029,198398,"1",,"1",,7.500000,30.000000,4.000000,400.000000,,
1030,198404,"1",,"1",,7.500000,15.000000,3.000000,150.000000,,
1031,198409,"1",,"1",,7.500000,40.000000,10.000000,450.000000,,
1032,198410,"1",,"1",,7.500000,15.000000,2.000000,250.000000,,
1033,198413,"1",,"1",,7.500000,70.000000,50.000000,1600.000000,,
1034,198420,"1",,"1",,7.500000,5.000000,2.000000,20.000000,,
1035,198421,"1",,"1",,7.500000,30.000000,5.000000,250.000000,,
1036,198422,"1",,"1",,7.500000,5.000000,0.000000,15.000000,,
1037,198423,"1",,"1",,7.500000,35.000000,5.000000,300.000000,,
1038,198429,"1",,"1",,7.500000,60.000000,40.000000,1250.000000,,
1039,198432,"1",,"1",,7.500000,2.000000,0.000000,10.000000,,
1040,198437,"1",,"1",,7.500000,30.000000,5.000000,250.000000,,
1041,198441,"1",,"1",,7.500000,10.000000,3.000000,150.000000,,
1042,198444,"1",,"1",,7.500000,40.000000,20.000000,750.000000,,
1043,198445,"1",,"1",,7.500000,55.000000,35.000000,1200.000000,,
1044,198446,"1",,"1",,7.500000,10.000000,3.000000,150.000000,,
1045,198452,"1",,"1",,7.500000,20.000000,1.000000,250.000000,,
1046,198455,"1",,"1",,7.500000,10.000000,1.000000,15.000000,,
1047,198456,"1",,"1",,7.500000,40.000000,15.000000,750.000000,,
1048,198459,"1",,"1",,7.500000,50.000000,40.000000,1200.000000,,
1049,198462,"1",,"1",,7.500000,45.000000,10.000000,700.000000,,
1050,198463,"1",,"1",,7.500000,50.000000,40.000000,1200.000000,,
1051,198467,"1",,"1",,7.500000,30.000000,5.000000,500.000000,,
1052,198470,"1",,"1",,7.500000,70.000000,50.000000,1700.000000,,
1053,198473,"1",,"1",,7.500000,15.000000,5.000000,200.000000,,
1054,198473,"2",,,,7.500000,30.000000,10.000000,800.000000,,
1055,198477,"1",,"1",,7.500000,40.000000,10.000000,750.000000,,
1056,198480,"1",,"1",,7.500000,60.000000,50.000000,1450.000000,,
1057,198481,"1",,"1",,7.500000,10.000000,1.000000,100.000000,,
1058,198482,"1",,"1",,7.500000,70.000000,40.000000,1600.000000,,
1059,198488,"1",,"1",,7.500000,50.000000,30.000000,1000.000000,,
1060,198492,"1",,"1",,7.500000,50.000000,15.000000,800.000000,,
1061,198495,"1",,"1",,7.500000,10.000000,1.000000,75.000000,,
1062,198501,"1",,"1",,7.500000,50.000000,25.000000,1100.000000,,
1063,198512,"1",,"1",,7.500000,50.000000,5.000000,750.000000,,
1064,198513,"1",,"1",,7.500000,50.000000,40.000000,1200.000000,,
1065,198519,"1",,"1",,7.500000,40.000000,20.000000,750.000000,,
1066,198523,"1",,"1",,7.500000,15.000000,2.000000,200.000000,,
1067,198528,"1",,"1",,7.500000,30.000000,10.000000,450.000000,,
1068,198537,"1",,"1",,7.500000,60.000000,50.000000,1300.000000,,
1069,198540,"1",,"1",,7.500000,10.000000,4.000000,35.000000,,
1070,198542,"1",,"1",,7.500000,60.000000,40.000000,1300.000000,,
1071,198544,"1",,"1",,7.500000,30.000000,10.000000,250.000000,,
1072,198546,"1",,,,7.500000,10.000000,5.000000,40.000000,,
1073,198546,"2",,"1",,7.500000,40.000000,10.000000,1000.000000,,
1074,198554,"1",,"1",,7.500000,40.000000,20.000000,700.000000,,
1075,198559,"1",,"1",,7.500000,50.000000,25.000000,1600.000000,,
1076,198564,"1",,,,7.500000,5.000000,3.000000,10.000000,,
1077,198564,"2",,"1",,7.500000,60.000000,15.000000,1600.000000,,
1078,198566,"1",,,,7.500000,5.000000,4.000000,10.000000,,
1079,198566,"2",,"1",,7.500000,60.000000,40.000000,1500.000000,,
1080,198574,"1",,"1",,7.500000,10.000000,1.000000,50.000000,,
1081,198579,"1",,"1",,7.500000,30.000000,5.000000,350.000000,,
1082,198580,"1",,"1",,7.500000,30.000000,3.000000,71.000000,,
1083,198588,"1",,"1",,7.500000,50.000000,35.000000,1300.000000,,
1084,198609,"1",,"1",,7.500000,40.000000,20.000000,650.000000,,
1085,198612,"1",,"1",,7.500000,10.000000,1.000000,50.000000,,
1086,198614,"1",,"1",,7.500000,20.000000,2.000000,200.000000,,
1087,198620,"1",,"1",,7.500000,60.000000,50.000000,1400.000000,,
1088,198621,"1",,"1",,7.500000,40.000000,10.000000,750.000000,,
1089,198625,"1",,"1",,7.500000,50.000000,40.000000,1100.000000,,
1090,198626,"1",,"1",,7.500000,30.000000,5.000000,350.000000,,
1091,198627,"1",,"1",,7.500000,15.000000,3.000000,70.000000,,
1092,198629,"1",,"1",,7.500000,60.000000,45.000000,1500.000000,,
1093,198633,"1",,"1",,7.500000,70.000000,20.000000,1800.000000,,
1094,198641,"1",,"1",,7.500000,60.000000,30.000000,1500.000000,,
1095,198642,"1",,"1",,7.500000,5.000000,1.000000,15.000000,,
1096,198645,"1",,"1",,7.500000,30.000000,3.000000,200.000000,,
1097,198648,"1",,"1",,7.500000,70.000000,50.000000,1600.000000,,
1098,198652,"1",,"1",,7.500000,30.000000,5.000000,450.000000,,
1099,198659,"1",,"1",,7.500000,30.000000,5.000000,250.000000,,
1100,198660,"1",,"1",,7.500000,50.000000,40.000000,1150.000000,,
1101,198664,"1",,"1",,7.500000,2.000000,0.000000,20.000000,,
1102,198666,"1",,"1",,7.500000,60.000000,5.000000,1600.000000,"AT",14.000000
1103,198675,"1",,"1",,7.500000,60.000000,30.000000,1200.000000,,
1104,198680,"1",,"1",,7.500000,50.000000,20.000000,750.000000,,
1105,198687,"1",,"1",,7.500000,10.000000,1.000000,20.000000,,
1106,198690,"1",,"1",,7.500000,50.000000,20.000000,1000.000000,,
1107,198695,"1",,"1",,7.500000,20.000000,3.000000,75.000000,,
1108,198696,"1",,"1",,7.500000,15.000000,1.000000,300.000000,"FD",12.000000
1109,198702,"1",,"1",,7.500000,15.000000,2.000000,200.000000,,
1110,198703,"1",,,,7.500000,10.000000,5.000000,75.000000,,
1111,198703,"2",,"1",,7.500000,30.000000,3.000000,500.000000,,
1112,198704,"1",,"1",,7.500000,60.000000,60.000000,1500.000000,,
1113,198707,"1",,"1",,7.500000,50.000000,35.000000,1200.000000,,
1114,198710,"1",,"1",,7.500000,50.000000,25.000000,1100.000000,,
1115,198716,"1",,"1",,7.500000,1.000000,0.000000,5.000000,,
1116,198717,"1",,,,7.500000,5.000000,3.000000,20.000000,,
1117,198717,"2",,"1",,7.500000,50.000000,5.000000,900.000000,,
1118,198724,"1",,"1",,7.500000,10.000000,3.000000,35.000000,,
1119,198725,"1",,"1",,7.500000,30.000000,5.000000,300.000000,,
1120,198746,"1",,"1",,7.500000,30.000000,5.000000,250.000000,,
1121,198747,"1",,"1",,7.500000,60.000000,30.000000,1250.000000,,
1122,198750,"1",,"1",,7.500000,70.000000,55.000000,1800.000000,,
1123,198751,"1",,"1",,7.500000,50.000000,15.000000,1000.000000,,
1124,198752,"1",,"1",,7.500000,5.000000,1.000000,10.000000,,
1125,198760,"1",,"1",,7.500000,30.000000,5.000000,250.000000,,
1126,198761,"1",,"1",,7.500000,50.000000,10.000000,750.000000,,
1127,198763,"1",,"1",,7.500000,60.000000,20.000000,1200.000000,,
1128,198771,"1",,"1",,7.500000,30.000000,5.000000,750.000000,,
1129,198773,"1",,"1",,7.500000,10.000000,2.000000,35.000000,,
1130,198775,"1",,"1",,7.500000,20.000000,3.000000,200.000000,,
1131,198778,"1",,,,7.500000,2.000000,4.000000,10.000000,,
1132,198778,"2",,"1",,7.500000,40.000000,10.000000,500.000000,,
1133,198785,"1",,"1",,7.500000,5.000000,0.000000,10.000000,,
1134,198795,"1",,"1",,7.500000,35.000000,15.000000,800.000000,,
1135,198796,"1",,"1",,7.500000,40.000000,15.000000,750.000000,,
1136,198797,"1",,,,7.500000,5.000000,3.000000,20.000000,,
1137,198797,"2",,"1",,7.500000,40.000000,5.000000,1000.000000,,
1138,198798,"1",,"1",,7.500000,40.000000,10.000000,500.000000,,
1139,198801,"1",,"1",,7.500000,70.000000,40.000000,1800.000000,,
1140,198802,"1",,"1",,7.500000,50.000000,15.000000,750.000000,,
1141,198803,"1",,"1",,7.500000,10.000000,0.000000,10.000000,,
1142,198804,"1",,"1",,7.500000,60.000000,50.000000,1300.000000,,
1143,198805,"1",,,,7.500000,5.000000,5.000000,18.000000,,
1144,198805,"2",,"1",,7.500000,60.000000,35.000000,1200.000000,,
1145,198807,"1",,"1",,7.500000,40.000000,25.000000,900.000000,,
1146,198813,"1",,"1",,7.500000,30.000000,5.000000,300.000000,,
1147,198815,"1",,"1",,7.500000,40.000000,15.000000,500.000000,,
1148,198820,"1",,"1",,7.500000,10.000000,3.000000,150.000000,,
1149,198822,"1",,"1",,7.500000,30.000000,5.000000,350.000000,,
1150,198825,"1",,"1",,7.500000,9.000000,0.000000,40.000000,,
1151,198830,"1",,"1",,7.500000,20.000000,10.000000,45.000000,,
1152,198830,"2",,,,7.500000,40.000000,10.000000,750.000000,,
1153,198833,"1",,"1",,7.500000,70.000000,40.000000,1600.000000,,
1154,198841,"1",,,,7.500000,4.000000,4.000000,15.000000,,
1155,198841,"2",,"1",,7.500000,70.000000,35.000000,1500.000000,,
1156,198844,"1",,"1",,7.500000,3.000000,1.000000,10.000000,,
1157,198845,"1",,"1",,7.500000,10.000000,0.000000,100.000000,,
1158,198854,"1",,"1",,7.500000,40.000000,15.000000,850.000000,,
1159,198856,"1",,"1",,7.500000,40.000000,15.000000,750.000000,,
1160,198857,"1",,"1",,7.500000,30.000000,7.000000,450.000000,,
1161,198862,"1",,"1",,7.500000,50.000000,25.000000,1000.000000,,
1162,198868,"1",,"1",,7.500000,20.000000,3.000000,250.000000,,
1163,198875,"1",,,,7.500000,5.000000,3.000000,15.000000,,
1164,198875,"2",,"1",,7.500000,50.000000,20.000000,1000.000000,,
1165,198879,"1",,"1",,7.500000,35.000000,5.000000,250.000000,,
1166,198889,"1",,"1",,7.500000,3.000000,1.000000,10.000000,,
1167,198890,"1",,"1",,7.500000,50.000000,5.000000,450.000000,,
1168,198894,"1",,"1",,7.500000,30.000000,4.000000,200.000000,,
1169,198901,"1",,"1",,7.500000,70.000000,50.000000,1500.000000,,
1170,198902,"1",,"1",,7.500000,40.000000,15.000000,1500.000000,,
1171,198903,"1",,"1",,7.500000,10.000000,3.000000,25.000000,,
1172,198904,"1",,"1",,7.500000,40.000000,15.000000,600.000000,,
1173,198907,"1",,"1",,7.500000,40.000000,15.000000,600.000000,,
1174,206532,"1",,,,7.500000,4.000000,,,,
1175,206532,"2",,"1",,7.500000,65.000000,,,,
1176,206536,"1",,"1",,7.500000,60.000000,,,,
1177,206544,"1",,"1",,7.500000,30.000000,,,,
1178,206545,"1",,"1",,7.500000,60.000000,,,,
1179,206547,"1",,"1",,7.500000,50.000000,,,,
1180,206548,"1",,"1",,7.500000,70.000000,,,,
1181,206550,"1",,"1",,7.500000,20.000000,,,,
1182,206553,"1",,"1",,7.500000,60.000000,,,,
1183,206557,"1",,"1",,7.500000,20.000000,,,,
1184,206559,"1",,"1",,7.500000,30.000000,,,,
1185,206567,"1",,"1",,7.500000,55.000000,,,,
1186,206568,"1",,"1",,7.500000,60.000000,,532.000000,,
1187,206575,"1",,"1",,7.500000,50.000000,,,,
1188,206576,"1",,"1",,7.500000,60.000000,,,,
1189,206583,"1",,"1",,7.500000,50.000000,,,,
1190,206584,"1",,"1",,7.500000,65.000000,,,,
1191,206587,"1",,"1",,7.500000,30.000000,,,,
1192,206589,"1",,"1",,7.500000,35.000000,,,,
1193,206606,"1",,"1",,7.500000,65.000000,,,,
1194,206607,"1",,"1",,7.500000,30.000000,,,,
1195,206612,"1",,"1",,7.500000,60.000000,,,,
1196,206614,"1",,"1",,7.500000,40.000000,,,,
1197,206615,"1",,,,7.500000,5.000000,,,,
1198,206615,"2",,"1",,7.500000,70.000000,,,,
1199,206618,"1",,"1",,7.500000,50.000000,,,,
1200,206619,"1",,"1",,7.500000,55.000000,,,,
1201,206621,"1",,"1",,7.500000,40.000000,,,,
1202,206623,"1",,"1",,7.500000,80.000000,,,,
1203,206628,"1",,"1",,7.500000,,,,,
1204,206635,"1",,"1",,7.500000,40.000000,,,,
1205,206646,"1",,"1",,7.500000,60.000000,,,,
1206,206647,"1",,"1",,7.500000,60.000000,,,,
1207,206652,"1",,"1",,7.500000,65.000000,,,,
1208,206656,"1",,"1",,7.500000,60.000000,,,,
1209,206662,"1",,"1","NCBR",7.500000,60.000000,,,,15.000000
1210,206663,"1",,"1",,7.500000,60.000000,,,,
1211,206664,"1",,"1",,7.500000,60.000000,,,,
1212,206669,"1",,"1",,7.500000,65.000000,,,,
1213,206670,"1",,"1",,7.500000,70.000000,,,,
1214,206676,"1",,,,7.500000,3.000000,,,,
1215,206676,"2",,"1",,7.500000,70.000000,,,,
1216,206682,"1",,"1",,7.500000,65.000000,,,,
1217,206683,"1",,"1",,7.500000,55.000000,,,,
1218,206685,"1",,"1",,7.500000,50.000000,,,,
1219,206689,"1",,"1",,7.500000,60.000000,,,,
1220,206690,"1",,"1",,7.500000,60.000000,,,,
1221,206696,"1",,"1",,7.500000,55.000000,,,,
1222,206697,"1",,,,7.500000,5.000000,,,,
1223,206697,"2",,"1",,7.500000,60.000000,,,"FD",17.000000
1224,206698,"1",,"1",,7.500000,70.000000,,,,
1225,206707,"1",,"1",,7.500000,60.000000,,,,
1226,206708,"1",,"1",,7.500000,50.000000,,,,
1227,206710,"1",,"1",,7.500000,60.000000,,,,
1228,206712,"1",,"1",,7.500000,10.000000,,,,
1229,206715,"1",,"1",,7.500000,55.000000,,,,
1230,206716,"1",,"1",,7.500000,60.000000,,,,
1231,206718,"1",,"1",,7.500000,50.000000,,,,
1232,206724,"1",,"1",,7.500000,60.000000,,,,
1233,206725,"1",,"1",,7.500000,65.000000,,,,
1234,206732,"1",,"1",,7.500000,60.000000,,,,
1235,206734,"1",,"1",,7.500000,,,,,
1236,206737,"1",,"1",,7.500000,60.000000,,,,
1237,206738,"1",,"1",,7.500000,65.000000,,,,
1238,206740,"1",,"1",,7.500000,45.000000,,,,
1239,206741,"1",,"1",,7.500000,60.000000,,,,
1240,206743,"1",,"1",,7.500000,60.000000,,,,
1241,206749,"1",,"1",,7.500000,70.000000,,,,
1242,206754,"1",,"1",,7.500000,65.000000,,,,
1243,206757,"1",,"1",,7.500000,30.000000,,,,
1244,206758,"1",,"1",,7.500000,,,,,
1245,206765,"1",,"1",,7.500000,50.000000,,,,
1246,206771,"1",,"1",,7.500000,55.000000,,,,
1247,206775,"1",,"1",,7.500000,65.000000,,,,
1248,206779,"1",,"1",,7.500000,70.000000,,,,
1249,206780,"1",,"1",,7.500000,35.000000,,,,
1250,206785,"1",,"1",,7.500000,80.000000,,,,
1251,206788,"1",,"1",,7.500000,50.000000,,,,
1252,206789,"1",,"1",,7.500000,50.000000,,,,
1253,206793,"1",,"1",,7.500000,45.000000,,,,
1254,206794,"1",,"1",,7.500000,60.000000,,,,
1255,206796,"1",,"1",,7.500000,60.000000,,,,
1256,206797,"1",,"1",,7.500000,60.000000,,,,
1257,206798,"1",,"1",,7.500000,40.000000,,,,
1258,206801,"1",,"1",,7.500000,60.000000,,,,
1259,206810,"1",,"1",,7.500000,65.000000,,,,
1260,206818,"1",,"1",,7.500000,50.000000,,,,
1261,206822,"1",,"1",,7.500000,60.000000,,,,
1262,206824,"1",,"1",,7.500000,,,,,
1263,206826,"1",,"1",,7.500000,60.000000,,,,
1264,206832,"1",,"1",,7.500000,60.000000,,1130.000000,,
1265,206833,"1",,"1",,7.500000,70.000000,,,,
1266,206847,"1",,"1",,7.500000,60.000000,,,,
1267,206848,"1",,"1",,7.500000,55.000000,,,,
1268,206851,"1",,"1",,7.500000,55.000000,,,,
1269,206863,"1",,"1",,7.500000,65.000000,,,,
1270,206866,"1",,"1",,7.500000,55.000000,,,,
1271,206871,"1",,"1",,7.500000,60.000000,,,,
1272,206872,"1",,"1",,7.500000,60.000000,,,,
1273,206876,"1",,"1",,7.500000,50.000000,,,,
1274,206879,"1",,"1",,7.500000,30.000000,,,,
1275,206882,"1",,"1",,7.500000,60.000000,,,,
1276,206884,"1",,"1",,7.500000,60.000000,,,,
1277,206888,"1",,"1",,7.500000,70.000000,,,,
1278,206889,"1",,"1",,7.500000,15.000000,,,,
1279,206891,"1",,"1",,7.500000,60.000000,,,,
1280,206898,"1",,"1",,7.500000,65.000000,,,,
1281,206901,"1",,"1",,7.500000,45.000000,,,,
1282,206906,"1",,"1",,7.500000,60.000000,,,,
1283,206917,"1",,"1",,7.500000,60.000000,,,,
1284,206918,"1",,"1",,7.500000,60.000000,,,,
1285,206919,"1",,"1",,7.500000,70.000000,,,,
1286,206925,"1",,"1",,7.500000,40.000000,,,,
1287,206937,"1",,"1",,7.500000,60.000000,,,,
1288,206941,"1",,"1",,7.500000,55.000000,,,,
1289,206947,"1",,"1",,7.500000,60.000000,,,,
1290,206951,"1",,"1",,7.500000,30.000000,,,,
1291,206952,"1",,"1",,7.500000,60.000000,,,,
1292,206955,"1",,,,7.500000,3.000000,,,,
1293,206955,"2",,"1",,7.500000,70.000000,,,,
1294,206968,"1",,"1",,7.500000,38.000000,,375.000000,"FD",9.000000
1295,206968,"2",,"2",,7.500000,10.000000,,275.000000,"FD",9.000000
1296,206971,"1",,"1",,7.500000,80.000000,,,,
1297,206972,"1",,"1",,7.500000,13.000000,,2000.000000,"PL",16.000000
1298,206975,"1",,"1",,7.500000,35.000000,,,,
1299,206979,"1",,"1",,7.500000,80.000000,,,,
1300,206982,"1",,"1",,7.500000,60.000000,,,,
1301,207001,"1",,"1",,7.500000,60.000000,,619.000000,"FD",9.000000
1302,207001,"2",,"2",,7.500000,10.000000,,110.000000,"S",10.000000
1303,207002,"1",,"1",,7.500000,70.000000,,,,
1304,207022,"1",,"1",,7.500000,80.000000,,,,
1305,207041,"1",,"1",,7.500000,35.000000,,5080.000000,"S",15.000000
1306,207043,"1",,"1",,7.500000,3.000000,,1400.000000,"PL",16.000000
1307,207047,"1",,"1",,7.500000,60.000000,,,,
1308,207050,"1",,"1",,7.500000,60.000000,,,,
1309,207059,"1",,"1",,7.500000,38.000000,,375.000000,"FD",9.000000
1310,207067,"1",,"1",,7.500000,40.000000,,,,
1311,207076,"1",,"1",,7.500000,60.000000,,,,
1312,207090,"1",,"1",,7.500000,70.000000,,,,
1313,207097,"1",,"1",,7.500000,70.000000,,,,
1314,207124,"1",,"1",,7.500000,60.000000,,619.000000,"FD",9.000000
1315,207124,"2",,"2",,7.500000,10.000000,,110.000000,"S",10.000000
1316,207125,"1",,"1",,7.500000,60.000000,,,,
1317,207131,"1",,"1",,7.500000,70.000000,,,,
1318,207134,"1",,"1",,7.500000,70.000000,,,,
1319,207139,"1",,"1",,7.500000,80.000000,,,,
1320,207159,"1",,"1",,7.500000,30.000000,,,,
1321,207161,"1",,"1",,7.500000,60.000000,,,,
1322,207170,"1",,"1",,7.500000,60.000000,,,,
1323,207177,"1",,"1",,7.500000,40.000000,,,,
1324,207182,"1",,"1",,7.500000,60.000000,,,,
1325,207183,"1",,"1",,7.500000,40.000000,,,,
1326,207188,"1",,"1",,7.500000,60.000000,,,,
1327,207201,"1",,"1",,7.500000,70.000000,,,,
1328,207203,"1",,"1",,7.500000,12.000000,,1960.000000,"S",15.000000
1329,207206,"1",,"1",,7.500000,70.000000,,,,
1330,207214,"1",,"1",,7.500000,50.000000,,,,
1331,207227,"1",,"1",,7.500000,60.000000,,619.000000,"FD",9.000000
1332,207227,"2",,"2",,7.500000,10.000000,,110.000000,"S",10.000000
1333,207228,"1",,"1",,7.500000,60.000000,,,,
1334,207237,"1",,"1",,7.500000,80.000000,,,,
1335,207243,"1",,"1",,7.500000,50.000000,,,,
1336,207263,"1",,"1",,7.500000,40.000000,,,,
1337,207267,"1",,"1",,7.500000,70.000000,,,,
1338,207270,"1",,"1",,7.500000,70.000000,,,,
1339,207286,"1",,"1",,7.500000,80.000000,,,,
1340,207299,"1",,"1",,7.500000,60.000000,,,,
1341,207315,"1",,"1",,7.500000,60.000000,,,,
1342,207321,"1",,"1",,7.500000,80.000000,,,,
1343,207325,"1",,"1",,7.500000,60.000000,,,,
1344,207329,"1",,"1",,7.500000,13.000000,,1800.000000,"FD",17.000000
1345,207339,"1",,"1",,7.500000,80.000000,,,,
1346,207359,"1",,"1",,7.500000,70.000000,,,,
1347,207360,"1",,"1",,7.500000,70.000000,,,,
1348,207682,"1",,"1",,7.500000,20.000000,,,,
1349,207690,"1",,"1",,7.500000,40.000000,,,,
1350,207699,"1",,"1",,7.500000,65.000000,,,,
1351,207701,"1",,"1",,7.500000,60.000000,,,,
1352,207705,"1",,"1",,7.500000,30.000000,,,,
1353,207746,"1",,"1",,7.500000,70.000000,,,,
1354,207754,"1",,"1",,7.500000,40.000000,,,,
1355,207772,"1",,"1",,7.500000,30.000000,,,,
1356,207793,"1",,"1",,7.500000,70.000000,,,,
1357,207818,"1",,"1",,7.500000,70.000000,,,,
1358,207819,"1",,"1",,7.500000,60.000000,,,,
1359,207833,"1",,"1","NSR",7.500000,,,,,17.000000
1360,207882,"1",,"1",,7.500000,40.000000,,,,
1361,207883,"1",,"1",,7.500000,45.000000,,,,
1362,207883,"2",,"2",,7.500000,10.000000,,,,
1363,207892,"1",,"1",,7.500000,30.000000,,,,
1364,207893,"1",,"1",,7.500000,50.000000,,736.000000,,
1365,207901,"1",,"1",,7.500000,20.000000,,,,
1366,207909,"1",,,,7.500000,4.000000,,,,
1367,207909,"2",,"1","NSR",7.500000,,,,,11.000000
1368,207937,"1",,,,7.500000,3.000000,,,,
1369,207937,"2",,"1",,7.500000,65.000000,,,,
1370,207950,"1",,,,7.500000,5.000000,,,,
1371,207950,"2",,"1",,7.500000,65.000000,,,,
1372,207960,"1",,"1",,7.500000,65.000000,,,,
1373,207984,"1",,"1",,7.500000,40.000000,,,,
1374,207985,"1",,"1",,7.500000,50.000000,,,,
1375,208014,"1",,"1",,7.500000,50.000000,,,,
1376,208015,"1",,"1",,7.500000,90.000000,,,,
1377,208016,"1",,"1",,7.500000,60.000000,,532.000000,,
1378,208017,"1",,"1",,7.500000,25.000000,,,,
1379,208046,"1",,"1",,7.500000,65.000000,,,,
1380,208056,"1",,"1",,7.500000,50.000000,,,,
1381,208060,"1",,"1",,7.500000,65.000000,,,,
1382,208062,"1",,"1",,7.500000,65.000000,,,,
1383,208063,"1",,,,7.500000,5.000000,,,,
1384,208063,"2",,"1",,7.500000,75.000000,,,,
1385,208081,"1",,"1",,7.500000,45.000000,,,,
1386,208093,"1",,"1",,7.500000,50.000000,,,,
1387,208109,"1",,"1",,7.500000,65.000000,,,,
1388,208123,"1",,"1",,7.500000,15.000000,,,,
1389,208128,"1",,"1",,7.500000,60.000000,,,,
1390,208161,"1",,,,7.500000,4.000000,,,,
1391,208161,"2",,"1","NSR",7.500000,,,,,11.000000
1392,208165,"1",,"1",,7.500000,50.000000,,,,
1393,208183,"1",,"1",,7.500000,65.000000,,,,
1394,208187,"1",,"1",,7.500000,65.000000,,,,
1395,208193,"1",,"1",,7.500000,30.000000,,,,
1396,208193,"2",,"2",,7.500000,30.000000,,,,
1397,208207,"1",,"1",,7.500000,65.000000,,,,
1398,208245,"1",,"1",,7.500000,50.000000,,,,
1399,208264,"1",,"1",,7.500000,60.000000,,,,
1400,208268,"1",,"1",,7.500000,70.000000,,,,
1401,208278,"1",,"1",,7.500000,60.000000,,,,
1402,208280,"1",,"1",,7.500000,60.000000,,,,
1403,208285,"1",,"1",,7.500000,65.000000,,,,
1404,208288,"1",,"1",,7.500000,40.000000,,,,
1405,208303,"1",,"1",,7.500000,,,,,
1406,208310,"1",,"1",,7.500000,65.000000,,,,
1407,208327,"1",,"1",,7.500000,,,,,
1408,208331,"1",,"1",,7.500000,50.000000,,,,
1409,208339,"1",,"1",,7.500000,30.000000,,,,
1410,208359,"1",,"1",,7.500000,20.000000,,,,
1411,208374,"1",,"1",,7.500000,65.000000,,,,
1412,208386,"1",,"1",,7.500000,60.000000,,,,
1413,208394,"1",,"1",,7.500000,65.000000,,,,
1414,208395,"1",,"1",,7.500000,35.000000,,,,
1415,208414,"1",,,,7.500000,5.000000,,,,
1416,208414,"2",,"1",,7.500000,65.000000,,,,
1417,208415,"1",,"1",,7.500000,30.000000,,,,
1418,208415,"2",,"2",,7.500000,25.000000,,,,
1419,208422,"1",,"1",,7.500000,60.000000,,,,
1420,208428,"1",,"1",,7.500000,65.000000,,,,
1421,208429,"1",,,,7.500000,5.000000,,,,
1422,208429,"2",,"1",,7.500000,70.000000,,,,
1423,208436,"1",,"1",,7.500000,55.000000,,,,
1424,208455,"1",,"1",,7.500000,15.000000,,,,
1425,208463,"1",,"1",,7.500000,30.000000,,,,
1426,208465,"1",,"1",,7.500000,65.000000,,,,
1427,208473,"1",,"1",,7.500000,40.000000,,,,
1428,208480,"1",,"1",,7.500000,30.000000,,,,
1429,208494,"1",,"1",,7.500000,65.000000,,,,
