POLYGON_RCRD_ID,OTHER_VEG_ID,LAND_COVER_CD,LAND_COVER_PCT 
188943,2,"HE",25.000
188943,3,"BR",0.000
188944,2,"HE",20.000
188944,3,"BR",0.000
188975,2,"HE",35.000
188975,3,"BR",0.000
188990,1,"SH",25.000
188990,2,"HE",15.000
188990,3,"BR",0.000
188995,2,"HE",75.000
188995,3,"BR",0.000
189006,3,"BR",0.000
189025,2,"HE",55.000
189025,3,"BR",0.000
189029,2,"HE",40.000
189029,3,"BR",0.000
189032,3,"BR",0.000
189049,2,"HE",5.000
189049,3,"BR",0.000
189070,2,"HE",15.000
189070,3,"BR",0.000
189071,1,"SH",5.000
189071,2,"HE",45.000
189071,3,"BR",0.000
189095,3,"BR",0.000
189098,2,"HE",35.000
189098,3,"BR",0.000
189100,1,"SH",5.000
189100,2,"HE",20.000
189100,3,"BR",0.000
189111,2,"HE",55.000
189111,3,"BR",0.000
189113,1,"SH",10.000
189113,2,"HE",75.000
189113,3,"BR",0.000
189130,2,"HE",15.000
189130,3,"BR",0.000
189134,1,"SH",10.000
189134,2,"HE",85.000
189134,3,"BR",0.000
189143,1,"SH",15.000
189143,2,"HE",25.000
189143,3,"BR",0.000
189149,2,"HE",20.000
189149,3,"BR",0.000
189153,1,"SH",5.000
189153,3,"BR",0.000
189154,2,"HE",90.000
189154,3,"BR",0.000
189155,1,"SH",40.000
189155,2,"HE",15.000
189155,3,"BR",0.000
189166,2,"HE",15.000
189166,3,"BR",0.000
189185,2,"HE",95.000
189185,3,"BR",0.000
189188,2,"HE",5.000
189188,3,"BR",0.000
189190,2,"HE",75.000
189190,3,"BR",0.000
189206,2,"HE",10.000
189206,3,"BR",0.000
189213,2,"HE",10.000
189213,3,"BR",0.000
189214,2,"HE",75.000
189214,3,"BR",0.000
189222,2,"HE",15.000
189222,3,"BR",0.000
189251,2,"HE",40.000
189251,3,"BR",0.000
189253,1,"SH",65.000
189253,2,"HE",10.000
189253,3,"BR",0.000
189273,3,"BR",0.000
189275,1,"SH",15.000
189275,2,"HE",10.000
189275,3,"BR",0.000
189288,3,"BR",0.000
189289,2,"HE",45.000
189289,3,"BR",0.000
189295,1,"SH",10.000
189295,3,"BR",0.000
189298,2,"HE",10.000
189298,3,"BR",0.000
189313,2,"HE",25.000
189313,3,"BR",0.000
189319,2,"HE",20.000
189319,3,"BR",0.000
189324,2,"HE",55.000
189324,3,"BR",0.000
189328,2,"HE",45.000
189328,3,"BR",0.000
189329,2,"HE",45.000
189329,3,"BR",0.000
189334,1,"SH",10.000
189334,2,"HE",5.000
189334,3,"BR",0.000
189342,3,"BR",0.000
189343,2,"HE",45.000
189343,3,"BR",0.000
189348,2,"HE",30.000
189348,3,"BR",0.000
189350,2,"HE",35.000
189350,3,"BR",0.000
189352,2,"HE",90.000
189352,3,"BR",0.000
189358,2,"HE",50.000
189358,3,"BR",0.000
189371,2,"HE",20.000
189371,3,"BR",0.000
189391,2,"HE",60.000
189391,3,"BR",0.000
189392,1,"SH",15.000
189392,2,"HE",65.000
189392,3,"BR",0.000
189412,2,"HE",15.000
189412,3,"BR",0.000
189413,2,"HE",45.000
189413,3,"BR",0.000
189431,2,"HE",15.000
189431,3,"BR",0.000
189432,1,"SH",10.000
189432,2,"HE",10.000
189432,3,"BR",0.000
189433,1,"SH",5.000
189433,3,"BR",0.000
189436,2,"HE",10.000
189436,3,"BR",0.000
189442,3,"BR",0.000
189466,1,"SH",15.000
189466,3,"BR",0.000
189485,2,"HE",55.000
189485,3,"BR",0.000
189491,3,"BR",0.000
189501,2,"HE",65.000
189501,3,"BR",0.000
189505,3,"BR",0.000
189520,1,"SH",10.000
189520,2,"HE",40.000
189520,3,"BR",0.000
189521,1,"SH",5.000
189521,3,"BR",0.000
189522,2,"HE",30.000
189522,3,"BR",0.000
189536,2,"HE",35.000
189536,3,"BR",0.000
189554,1,"SH",40.000
189554,2,"HE",35.000
189554,3,"BR",0.000
189567,3,"BR",0.000
189572,2,"HE",15.000
189572,3,"BR",0.000
189579,1,"SH",5.000
189579,2,"HE",30.000
189579,3,"BR",0.000
189594,2,"HE",95.000
189594,3,"BR",0.000
189599,1,"SH",5.000
189599,2,"HE",25.000
189599,3,"BR",0.000
189640,2,"HE",45.000
189640,3,"BR",0.000
189662,3,"BR",0.000
189667,2,"HE",35.000
189667,3,"BR",0.000
189674,3,"BR",0.000
189675,2,"HE",5.000
189675,3,"BR",0.000
189684,2,"HE",35.000
189684,3,"BR",0.000
189689,2,"HE",15.000
189689,3,"BR",0.000
189701,2,"HE",20.000
189701,3,"BR",0.000
189705,2,"HE",15.000
189705,3,"BR",0.000
189715,2,"HE",35.000
189715,3,"BR",0.000
189718,3,"BR",0.000
189719,2,"HE",45.000
189719,3,"BR",0.000
189721,2,"HE",40.000
189721,3,"BR",0.000
189736,2,"HE",15.000
189736,3,"BR",0.000
189737,3,"BR",0.000
189749,3,"BR",0.000
189751,2,"HE",75.000
189751,3,"BR",0.000
189840,3,"BR",0.000
189915,3,"BR",0.000
189989,3,"BR",0.000
190001,3,"BR",0.000
190034,3,"BR",0.000
190092,3,"BR",0.000
190109,3,"BR",0.000
190113,3,"BR",0.000
190120,3,"BR",0.000
190149,3,"BR",0.000
190225,1,"SH",5.000
190225,2,"HE",30.000
190225,3,"BR",0.000
190254,1,"SH",5.000
190254,2,"HE",25.000
190254,3,"BR",0.000
190313,1,"SH",15.000
190313,2,"HE",35.000
190313,3,"BR",0.000
190404,1,"SH",5.000
190404,2,"HE",40.000
190404,3,"BR",0.000
190419,1,"SH",10.000
190419,2,"HE",70.000
190419,3,"BR",0.000
190433,2,"HE",10.000
190433,3,"BR",0.000
190464,1,"SH",40.000
190464,2,"HE",35.000
190464,3,"BR",0.000
190471,1,"SH",10.000
190471,2,"HE",40.000
190471,3,"BR",0.000
190472,1,"SH",5.000
190472,2,"HE",15.000
190472,3,"BR",0.000
190485,1,"SH",5.000
190485,2,"HE",10.000
190485,3,"BR",0.000
190496,1,"SH",5.000
190496,2,"HE",15.000
190496,3,"BR",0.000
190520,1,"SH",10.000
190520,2,"HE",40.000
190520,3,"BR",0.000
190531,2,"HE",15.000
190531,3,"BR",0.000
190661,1,"SH",10.000
190661,2,"HE",40.000
190661,3,"BR",0.000
190677,1,"SH",9.000
190677,2,"HE",80.000
190677,3,"BR",0.000
190689,1,"SH",5.000
190689,2,"HE",45.000
190689,3,"BR",5.000
190768,2,"HE",15.000
190768,3,"BR",0.000
190769,1,"SH",5.000
190769,2,"HE",10.000
190769,3,"BR",0.000
190778,1,"SH",10.000
190778,2,"HE",50.000
190778,3,"BR",0.000
190854,1,"SH",10.000
190854,2,"HE",20.000
190854,3,"BR",0.000
190867,2,"HE",15.000
190867,3,"BR",0.000
190929,1,"SH",10.000
190929,2,"HE",15.000
190929,3,"BR",0.000
190941,1,"SH",10.000
190941,2,"HE",75.000
190941,3,"BR",0.000
191012,1,"SH",20.000
191012,2,"HE",60.000
191012,3,"BR",0.000
191020,1,"SH",5.000
191020,2,"HE",10.000
191020,3,"BR",0.000
191049,1,"SH",9.000
191049,2,"HE",80.000
191049,3,"BR",0.000
191075,1,"SH",5.000
191075,2,"HE",50.000
191075,3,"BR",0.000
191124,1,"SH",15.000
191124,2,"HE",65.000
191124,3,"BR",0.000
191127,1,"SH",9.000
191127,2,"HE",80.000
191127,3,"BR",0.000
191169,1,"SH",5.000
191169,2,"HE",80.000
191169,3,"BR",0.000
191179,1,"SH",10.000
191179,2,"HE",30.000
191179,3,"BR",0.000
191237,1,"SH",5.000
191237,2,"HE",40.000
191237,3,"BR",0.000
191244,1,"SH",5.000
191244,2,"HE",80.000
191244,3,"BR",0.000
191357,1,"SH",5.000
191357,2,"HE",35.000
191357,3,"BR",0.000
196905,1,"SH",10.000
196905,2,"HE",10.000
196905,3,"BR",0.000
196906,2,"HE",10.000
196906,3,"BR",0.000
196907,3,"BR",0.000
196908,1,"SH",5.000
196908,2,"HE",25.000
196908,3,"BR",5.000
196909,1,"SH",10.000
196909,2,"HE",40.000
196909,3,"BR",0.000
196910,1,"SH",5.000
196910,2,"HE",40.000
196910,3,"BR",5.000
196911,1,"SH",5.000
196911,2,"HE",30.000
196911,3,"BR",0.000
196912,2,"HE",10.000
196912,3,"BR",0.000
196913,1,"SH",5.000
196913,2,"HE",20.000
196913,3,"BR",0.000
196914,1,"SH",5.000
196914,2,"HE",15.000
196914,3,"BR",10.000
196915,1,"SH",45.000
196915,2,"HE",35.000
196915,3,"BR",0.000
196916,2,"HE",5.000
196916,3,"BR",0.000
196917,1,"SH",5.000
196917,2,"HE",20.000
196917,3,"BR",0.000
196918,1,"SH",5.000
196918,2,"HE",15.000
196918,3,"BR",0.000
196919,1,"SH",10.000
196919,2,"HE",40.000
196919,3,"BR",5.000
196920,1,"SH",5.000
196920,2,"HE",15.000
196920,3,"BR",0.000
196921,2,"HE",10.000
196921,3,"BR",0.000
196922,1,"SH",5.000
196922,2,"HE",50.000
196922,3,"BR",0.000
196923,1,"SH",5.000
196923,2,"HE",25.000
196923,3,"BR",0.000
196924,1,"SH",5.000
196924,2,"HE",15.000
196924,3,"BR",0.000
196925,2,"HE",10.000
196925,3,"BR",0.000
196926,1,"SH",5.000
196926,2,"HE",10.000
196926,3,"BR",0.000
196927,1,"SH",35.000
196927,2,"HE",20.000
196927,3,"BR",3.000
196928,1,"SH",5.000
196928,2,"HE",20.000
196928,3,"BR",0.000
196929,1,"SH",5.000
196929,2,"HE",30.000
196929,3,"BR",0.000
196930,1,"SH",5.000
196930,2,"HE",45.000
196930,3,"BR",5.000
196931,1,"SH",5.000
196931,2,"HE",45.000
196931,3,"BR",5.000
196932,1,"SH",5.000
196932,2,"HE",15.000
196932,3,"BR",0.000
196933,1,"SH",5.000
196933,2,"HE",30.000
196933,3,"BR",20.000
196934,1,"SH",5.000
196934,2,"HE",20.000
196934,3,"BR",0.000
196935,1,"SH",5.000
196935,2,"HE",15.000
196935,3,"BR",0.000
196936,1,"SH",10.000
196936,2,"HE",50.000
196936,3,"BR",5.000
196937,1,"SH",15.000
196937,2,"HE",35.000
196937,3,"BR",0.000
196938,1,"SH",10.000
196938,2,"HE",25.000
196938,3,"BR",0.000
196939,1,"SH",15.000
196939,2,"HE",15.000
196939,3,"BR",0.000
196940,1,"SH",5.000
196940,2,"HE",35.000
196940,3,"BR",10.000
196941,1,"SH",5.000
196941,2,"HE",5.000
196941,3,"BR",0.000
196942,1,"SH",10.000
196942,2,"HE",30.000
196942,3,"BR",0.000
196943,1,"SH",5.000
196943,2,"HE",10.000
196943,3,"BR",0.000
196944,1,"SH",5.000
196944,2,"HE",15.000
196944,3,"BR",0.000
196945,2,"HE",15.000
196945,3,"BR",0.000
196946,2,"HE",35.000
196946,3,"BR",0.000
196947,1,"SH",20.000
196947,2,"HE",10.000
196947,3,"BR",0.000
196948,2,"HE",10.000
196948,3,"BR",0.000
196949,2,"HE",10.000
196949,3,"BR",0.000
196950,1,"SH",5.000
196950,2,"HE",10.000
196950,3,"BR",0.000
196951,1,"SH",5.000
196951,2,"HE",50.000
196951,3,"BR",0.000
196952,1,"SH",5.000
196952,2,"HE",15.000
196952,3,"BR",10.000
196953,1,"SH",5.000
196953,2,"HE",15.000
196953,3,"BR",0.000
196954,1,"SH",5.000
196954,2,"HE",15.000
196954,3,"BR",0.000
196955,1,"SH",5.000
196955,3,"BR",0.000
196956,1,"SH",5.000
196956,2,"HE",20.000
196956,3,"BR",0.000
196957,1,"SH",5.000
196957,2,"HE",20.000
196957,3,"BR",0.000
196958,1,"SH",5.000
196958,2,"HE",15.000
196958,3,"BR",10.000
196959,1,"SH",5.000
196959,2,"HE",20.000
196959,3,"BR",0.000
196960,2,"HE",10.000
196960,3,"BR",0.000
196961,2,"HE",5.000
196961,3,"BR",0.000
196962,1,"SH",5.000
196962,2,"HE",10.000
196962,3,"BR",0.000
196963,2,"HE",10.000
196963,3,"BR",0.000
196964,2,"HE",10.000
196964,3,"BR",0.000
196965,1,"SH",5.000
196965,2,"HE",35.000
196965,3,"BR",5.000
196966,2,"HE",5.000
196966,3,"BR",0.000
196967,1,"SH",20.000
196967,2,"HE",50.000
196967,3,"BR",5.000
196968,1,"SH",5.000
196968,2,"HE",15.000
196968,3,"BR",0.000
196969,1,"SH",40.000
196969,2,"HE",30.000
196969,3,"BR",0.000
196970,1,"SH",5.000
196970,2,"HE",20.000
196970,3,"BR",0.000
196972,1,"SH",5.000
196972,2,"HE",10.000
196972,3,"BR",0.000
196973,3,"BR",0.000
196974,1,"SH",10.000
196974,2,"HE",60.000
196974,3,"BR",0.000
196975,1,"SH",10.000
196975,2,"HE",20.000
196975,3,"BR",0.000
196976,1,"SH",5.000
196976,2,"HE",15.000
196976,3,"BR",10.000
196977,1,"SH",5.000
196977,2,"HE",20.000
196977,3,"BR",20.000
196978,2,"HE",15.000
196978,3,"BR",0.000
196979,1,"SH",20.000
196979,2,"HE",50.000
196979,3,"BR",5.000
196980,2,"HE",10.000
196980,3,"BR",0.000
196981,1,"SH",5.000
196981,2,"HE",25.000
196981,3,"BR",0.000
196982,1,"SH",5.000
196982,2,"HE",15.000
196982,3,"BR",15.000
196983,1,"SH",15.000
196983,2,"HE",50.000
196983,3,"BR",5.000
196984,1,"SH",20.000
196984,2,"HE",20.000
196984,3,"BR",0.000
196985,1,"SH",15.000
196985,2,"HE",15.000
196985,3,"BR",0.000
196986,1,"SH",5.000
196986,2,"HE",15.000
196986,3,"BR",10.000
196987,1,"SH",5.000
196987,2,"HE",10.000
196987,3,"BR",0.000
196988,2,"HE",5.000
196988,3,"BR",0.000
196989,1,"SH",5.000
196989,2,"HE",30.000
196989,3,"BR",0.000
196990,2,"HE",10.000
196990,3,"BR",0.000
196991,2,"HE",5.000
196991,3,"BR",0.000
196992,2,"HE",10.000
196992,3,"BR",0.000
196993,1,"SH",5.000
196993,2,"HE",10.000
196993,3,"BR",0.000
196994,1,"SH",5.000
196994,2,"HE",30.000
196994,3,"BR",5.000
196995,1,"SH",40.000
196995,2,"HE",40.000
196995,3,"BR",5.000
196997,1,"SH",10.000
196997,2,"HE",25.000
196997,3,"BR",0.000
196998,2,"HE",5.000
196998,3,"BR",0.000
196999,1,"SH",5.000
196999,2,"HE",15.000
196999,3,"BR",0.000
197000,1,"SH",5.000
197000,2,"HE",15.000
197000,3,"BR",0.000
197001,1,"SH",5.000
197001,2,"HE",15.000
197001,3,"BR",0.000
197002,2,"HE",10.000
197002,3,"BR",0.000
197003,1,"SH",5.000
197003,2,"HE",15.000
197003,3,"BR",0.000
197004,2,"HE",5.000
197004,3,"BR",0.000
197005,1,"SH",5.000
197005,2,"HE",40.000
197005,3,"BR",0.000
197006,2,"HE",10.000
197006,3,"BR",0.000
197007,1,"SH",5.000
197007,2,"HE",15.000
197007,3,"BR",0.000
197008,1,"SH",5.000
197008,2,"HE",10.000
197008,3,"BR",0.000
197009,2,"HE",10.000
197009,3,"BR",0.000
197010,1,"SH",5.000
197010,2,"HE",20.000
197010,3,"BR",0.000
197011,1,"SH",5.000
197011,2,"HE",15.000
197011,3,"BR",0.000
197012,2,"HE",10.000
197012,3,"BR",0.000
197013,2,"HE",5.000
197013,3,"BR",0.000
197014,1,"SH",10.000
197014,2,"HE",50.000
197014,3,"BR",5.000
197015,1,"SH",20.000
197015,2,"HE",40.000
197015,3,"BR",0.000
197016,1,"SH",5.000
197016,2,"HE",15.000
197016,3,"BR",0.000
197017,1,"SH",5.000
197017,2,"HE",20.000
197017,3,"BR",0.000
197018,2,"HE",10.000
197018,3,"BR",0.000
197019,1,"SH",60.000
197019,2,"HE",15.000
197019,3,"BR",0.000
197020,1,"SH",5.000
197020,2,"HE",10.000
197020,3,"BR",0.000
197021,2,"HE",10.000
197021,3,"BR",0.000
197022,2,"HE",10.000
197022,3,"BR",0.000
197023,1,"SH",25.000
197023,2,"HE",60.000
197023,3,"BR",0.000
197024,1,"SH",5.000
197024,2,"HE",10.000
197024,3,"BR",0.000
197025,1,"SH",5.000
197025,2,"HE",15.000
197025,3,"BR",0.000
197026,1,"SH",5.000
197026,2,"HE",25.000
197026,3,"BR",0.000
197027,1,"SH",5.000
197027,2,"HE",10.000
197027,3,"BR",0.000
197029,2,"HE",15.000
197029,3,"BR",0.000
197030,2,"HE",10.000
197030,3,"BR",0.000
197031,1,"SH",5.000
197031,2,"HE",25.000
197031,3,"BR",0.000
197032,2,"HE",5.000
197032,3,"BR",0.000
197033,2,"HE",10.000
197033,3,"BR",0.000
197034,1,"SH",10.000
197034,2,"HE",40.000
197034,3,"BR",0.000
197035,1,"SH",5.000
197035,2,"HE",20.000
197035,3,"BR",0.000
197036,1,"SH",5.000
197036,2,"HE",25.000
197036,3,"BR",0.000
197037,1,"SH",20.000
197037,2,"HE",25.000
197037,3,"BR",0.000
197038,1,"SH",10.000
197038,2,"HE",30.000
197038,3,"BR",0.000
197039,1,"SH",15.000
197039,2,"HE",40.000
197039,3,"BR",0.000
197040,2,"HE",10.000
197040,3,"BR",0.000
197042,1,"SH",5.000
197042,2,"HE",40.000
197042,3,"BR",0.000
197043,2,"HE",10.000
197043,3,"BR",0.000
197044,1,"SH",5.000
197044,2,"HE",5.000
197044,3,"BR",0.000
197045,2,"HE",15.000
197045,3,"BR",0.000
197046,1,"SH",15.000
197046,2,"HE",35.000
197046,3,"BR",10.000
197047,1,"SH",15.000
197047,2,"HE",50.000
197047,3,"BR",10.000
197049,1,"SH",5.000
197049,2,"HE",50.000
197049,3,"BR",5.000
197050,1,"SH",5.000
197050,2,"HE",10.000
197050,3,"BR",0.000
197051,1,"SH",5.000
197051,2,"HE",15.000
197051,3,"BR",5.000
197052,2,"HE",10.000
197052,3,"BR",0.000
197053,2,"HE",5.000
197053,3,"BR",0.000
197054,1,"SH",10.000
197054,2,"HE",45.000
197054,3,"BR",0.000
197055,2,"HE",10.000
197055,3,"BR",0.000
197056,1,"SH",5.000
197056,2,"HE",15.000
197056,3,"BR",10.000
197057,1,"SH",5.000
197057,2,"HE",25.000
197057,3,"BR",10.000
197058,1,"SH",5.000
197058,2,"HE",20.000
197058,3,"BR",0.000
197060,1,"SH",15.000
197060,2,"HE",60.000
197060,3,"BR",5.000
197061,1,"SH",5.000
197061,2,"HE",35.000
197061,3,"BR",10.000
197062,1,"SH",5.000
197062,2,"HE",10.000
197062,3,"BR",0.000
197063,1,"SH",10.000
197063,2,"HE",20.000
197063,3,"BR",0.000
197064,1,"SH",5.000
197064,2,"HE",15.000
197064,3,"BR",0.000
197065,1,"SH",5.000
197065,2,"HE",20.000
197065,3,"BR",0.000
197066,1,"SH",5.000
197066,2,"HE",50.000
197066,3,"BR",0.000
197067,2,"HE",10.000
197067,3,"BR",0.000
197068,1,"SH",10.000
197068,2,"HE",25.000
197068,3,"BR",0.000
197069,1,"SH",5.000
197069,2,"HE",20.000
197069,3,"BR",0.000
197070,1,"SH",5.000
197070,2,"HE",20.000
197070,3,"BR",0.000
197071,1,"SH",20.000
197071,2,"HE",45.000
197071,3,"BR",5.000
197072,1,"SH",10.000
197072,2,"HE",20.000
197072,3,"BR",10.000
197073,1,"SH",10.000
197073,2,"HE",15.000
197073,3,"BR",0.000
197074,1,"SH",10.000
197074,2,"HE",15.000
197074,3,"BR",0.000
197075,1,"SH",5.000
197075,2,"HE",20.000
197075,3,"BR",10.000
197077,1,"SH",5.000
197077,2,"HE",10.000
197077,3,"BR",0.000
197078,1,"SH",5.000
197078,2,"HE",10.000
197078,3,"BR",0.000
197079,2,"HE",10.000
197079,3,"BR",0.000
197081,1,"SH",5.000
197081,2,"HE",40.000
197081,3,"BR",5.000
197082,1,"SH",5.000
197082,2,"HE",10.000
197082,3,"BR",0.000
197083,1,"SH",5.000
197083,2,"HE",10.000
197083,3,"BR",0.000
197084,1,"SH",20.000
197084,2,"HE",15.000
197084,3,"BR",0.000
197085,1,"SH",10.000
197085,2,"HE",20.000
197085,3,"BR",0.000
197086,1,"SH",5.000
197086,2,"HE",10.000
197086,3,"BR",0.000
197087,1,"SH",5.000
197087,2,"HE",15.000
197087,3,"BR",0.000
197088,1,"SH",5.000
197088,2,"HE",30.000
197088,3,"BR",10.000
197089,1,"SH",5.000
197089,2,"HE",20.000
197089,3,"BR",0.000
197090,1,"SH",5.000
197090,2,"HE",30.000
197090,3,"BR",0.000
197091,2,"HE",10.000
197091,3,"BR",0.000
197092,1,"SH",5.000
197092,2,"HE",15.000
197092,3,"BR",0.000
197093,1,"SH",5.000
197093,2,"HE",45.000
197093,3,"BR",5.000
197094,2,"HE",10.000
197094,3,"BR",0.000
197095,1,"SH",5.000
197095,2,"HE",15.000
197095,3,"BR",0.000
197096,1,"SH",5.000
197096,2,"HE",60.000
197096,3,"BR",10.000
197097,1,"SH",10.000
197097,2,"HE",20.000
197097,3,"BR",0.000
197098,2,"HE",10.000
197098,3,"BR",0.000
197099,1,"SH",5.000
197099,2,"HE",35.000
197099,3,"BR",5.000
197100,1,"SH",10.000
197100,2,"HE",40.000
197100,3,"BR",0.000
197101,2,"HE",5.000
197101,3,"BR",0.000
197102,1,"SH",15.000
197102,2,"HE",65.000
197102,3,"BR",5.000
197103,2,"HE",10.000
197103,3,"BR",0.000
197104,1,"SH",5.000
197104,2,"HE",45.000
197104,3,"BR",5.000
197105,1,"SH",5.000
197105,2,"HE",15.000
197105,3,"BR",0.000
197106,1,"SH",5.000
197106,2,"HE",10.000
197106,3,"BR",0.000
197107,1,"SH",10.000
197107,2,"HE",25.000
197107,3,"BR",0.000
197108,1,"SH",5.000
197108,2,"HE",10.000
197108,3,"BR",0.000
197109,1,"SH",5.000
197109,2,"HE",10.000
197109,3,"BR",0.000
197110,1,"SH",5.000
197110,2,"HE",5.000
197110,3,"BR",0.000
197111,1,"SH",5.000
197111,2,"HE",40.000
197111,3,"BR",0.000
197112,2,"HE",10.000
197112,3,"BR",0.000
197113,1,"SH",5.000
197113,2,"HE",20.000
197113,3,"BR",0.000
197114,1,"SH",10.000
197114,2,"HE",40.000
197114,3,"BR",5.000
197115,1,"SH",5.000
197115,2,"HE",20.000
197115,3,"BR",0.000
197116,2,"HE",10.000
197116,3,"BR",0.000
197117,1,"SH",5.000
197117,2,"HE",10.000
197117,3,"BR",0.000
197118,1,"SH",10.000
197118,2,"HE",25.000
197118,3,"BR",0.000
197119,1,"SH",15.000
197119,2,"HE",50.000
197119,3,"BR",10.000
197120,1,"SH",15.000
197120,2,"HE",60.000
197120,3,"BR",5.000
197121,2,"HE",10.000
197121,3,"BR",0.000
197122,1,"SH",10.000
197122,2,"HE",25.000
197122,3,"BR",5.000
197123,1,"SH",10.000
197123,2,"HE",30.000
197123,3,"BR",0.000
197124,1,"SH",5.000
197124,2,"HE",30.000
197124,3,"BR",0.000
197125,2,"HE",5.000
197125,3,"BR",0.000
197126,1,"SH",5.000
197126,2,"HE",25.000
197126,3,"BR",0.000
197127,1,"SH",10.000
197127,2,"HE",20.000
197127,3,"BR",0.000
197128,1,"SH",10.000
197128,2,"HE",25.000
197128,3,"BR",5.000
197129,1,"SH",15.000
197129,2,"HE",50.000
197129,3,"BR",10.000
197130,1,"SH",5.000
197130,2,"HE",15.000
197130,3,"BR",15.000
197131,2,"HE",5.000
197131,3,"BR",0.000
197132,1,"SH",5.000
197132,2,"HE",15.000
197132,3,"BR",0.000
197133,1,"SH",5.000
197133,2,"HE",10.000
197133,3,"BR",0.000
197134,1,"SH",5.000
197134,2,"HE",30.000
197134,3,"BR",0.000
197136,1,"SH",5.000
197136,2,"HE",20.000
197136,3,"BR",5.000
197137,2,"HE",10.000
197137,3,"BR",0.000
197138,1,"SH",5.000
197138,2,"HE",25.000
197138,3,"BR",0.000
197139,1,"SH",5.000
197139,2,"HE",35.000
197139,3,"BR",0.000
197140,1,"SH",10.000
197140,2,"HE",50.000
197140,3,"BR",5.000
197141,1,"SH",5.000
197141,2,"HE",45.000
197141,3,"BR",0.000
197142,1,"SH",5.000
197142,2,"HE",10.000
197142,3,"BR",0.000
197143,2,"HE",5.000
197143,3,"BR",0.000
197144,2,"HE",10.000
197144,3,"BR",0.000
197145,1,"SH",5.000
197145,2,"HE",10.000
197145,3,"BR",0.000
197146,1,"SH",5.000
197146,2,"HE",15.000
197146,3,"BR",10.000
197147,1,"SH",40.000
197147,2,"HE",40.000
197147,3,"BR",10.000
197148,1,"SH",5.000
197148,2,"HE",5.000
197148,3,"BR",0.000
197149,1,"SH",5.000
197149,2,"HE",10.000
197149,3,"BR",0.000
197150,1,"SH",5.000
197150,2,"HE",10.000
197150,3,"BR",5.000
197151,2,"HE",5.000
197151,3,"BR",0.000
197152,2,"HE",10.000
197152,3,"BR",0.000
197153,2,"HE",10.000
197153,3,"BR",0.000
197154,1,"SH",5.000
197154,2,"HE",10.000
197154,3,"BR",0.000
197155,1,"SH",10.000
197155,2,"HE",20.000
197155,3,"BR",0.000
197156,1,"SH",5.000
197156,2,"HE",30.000
197156,3,"BR",5.000
197157,1,"SH",5.000
197157,2,"HE",35.000
197157,3,"BR",0.000
197158,2,"HE",10.000
197158,3,"BR",0.000
197159,2,"HE",10.000
197159,3,"BR",0.000
197160,2,"HE",10.000
197160,3,"BR",0.000
197161,2,"HE",10.000
197161,3,"BR",0.000
197162,1,"SH",5.000
197162,2,"HE",25.000
197162,3,"BR",0.000
197163,1,"SH",5.000
197163,2,"HE",15.000
197163,3,"BR",0.000
197164,2,"HE",10.000
197164,3,"BR",0.000
197165,2,"HE",10.000
197165,3,"BR",0.000
197166,1,"SH",5.000
197166,2,"HE",35.000
197166,3,"BR",0.000
197167,1,"SH",5.000
197167,2,"HE",50.000
197167,3,"BR",0.000
197168,1,"SH",5.000
197168,2,"HE",30.000
197168,3,"BR",5.000
197169,1,"SH",10.000
197169,2,"HE",40.000
197169,3,"BR",5.000
197170,2,"HE",5.000
197170,3,"BR",0.000
197171,2,"HE",5.000
197171,3,"BR",0.000
197172,2,"HE",10.000
197172,3,"BR",0.000
197173,2,"HE",5.000
197173,3,"BR",0.000
197174,1,"SH",15.000
197174,2,"HE",40.000
197174,3,"BR",10.000
197176,1,"SH",5.000
197176,2,"HE",10.000
197176,3,"BR",0.000
197177,1,"SH",5.000
197177,2,"HE",40.000
197177,3,"BR",5.000
197178,2,"HE",10.000
197178,3,"BR",0.000
197179,1,"SH",5.000
197179,2,"HE",10.000
197179,3,"BR",0.000
197180,1,"SH",5.000
197180,2,"HE",30.000
197180,3,"BR",5.000
197181,1,"SH",5.000
197181,2,"HE",15.000
197181,3,"BR",0.000
197182,1,"SH",5.000
197182,2,"HE",20.000
197182,3,"BR",0.000
197183,1,"SH",5.000
197183,2,"HE",10.000
197183,3,"BR",0.000
197184,2,"HE",5.000
197184,3,"BR",0.000
197185,2,"HE",10.000
197185,3,"BR",0.000
197186,1,"SH",5.000
197186,2,"HE",10.000
197186,3,"BR",0.000
197187,2,"HE",10.000
197187,3,"BR",0.000
197188,2,"HE",20.000
197188,3,"BR",2.000
197189,1,"SH",5.000
197189,2,"HE",10.000
197189,3,"BR",0.000
197190,2,"HE",10.000
197190,3,"BR",0.000
197191,1,"SH",5.000
197191,2,"HE",30.000
197191,3,"BR",5.000
197192,2,"HE",5.000
197192,3,"BR",0.000
197193,1,"SH",5.000
197193,2,"HE",10.000
197193,3,"BR",0.000
197194,1,"SH",5.000
197194,2,"HE",10.000
197194,3,"BR",0.000
197195,1,"SH",5.000
197195,2,"HE",15.000
197195,3,"BR",0.000
197196,2,"HE",5.000
197196,3,"BR",0.000
197197,1,"SH",5.000
197197,2,"HE",15.000
197197,3,"BR",20.000
197198,1,"SH",15.000
197198,2,"HE",35.000
197198,3,"BR",5.000
197199,1,"SH",5.000
197199,2,"HE",10.000
197199,3,"BR",0.000
197200,1,"SH",5.000
197200,2,"HE",15.000
197200,3,"BR",0.000
197201,2,"HE",10.000
197201,3,"BR",0.000
197202,2,"HE",10.000
197202,3,"BR",0.000
197203,1,"SH",5.000
197203,2,"HE",10.000
197203,3,"BR",0.000
197204,1,"SH",5.000
197204,2,"HE",10.000
197204,3,"BR",0.000
197205,1,"SH",15.000
197205,2,"HE",15.000
197205,3,"BR",0.000
197206,2,"HE",5.000
197206,3,"BR",0.000
197207,2,"HE",5.000
197207,3,"BR",0.000
197208,1,"SH",5.000
197208,2,"HE",25.000
197208,3,"BR",0.000
197209,2,"HE",5.000
197209,3,"BR",0.000
197210,1,"SH",10.000
197210,2,"HE",25.000
197210,3,"BR",0.000
197211,2,"HE",10.000
197211,3,"BR",0.000
197212,2,"HE",10.000
197212,3,"BR",0.000
197213,2,"HE",10.000
197213,3,"BR",0.000
197214,1,"SH",5.000
197214,2,"HE",40.000
197214,3,"BR",5.000
197215,1,"SH",5.000
197215,2,"HE",25.000
197215,3,"BR",15.000
197216,2,"HE",10.000
197216,3,"BR",0.000
197217,1,"SH",5.000
197217,2,"HE",40.000
197217,3,"BR",0.000
197218,1,"SH",10.000
197218,2,"HE",35.000
197218,3,"BR",0.000
197219,1,"SH",5.000
197219,2,"HE",30.000
197219,3,"BR",0.000
197221,1,"SH",5.000
197221,2,"HE",25.000
197221,3,"BR",20.000
197222,1,"SH",5.000
197222,2,"HE",45.000
197222,3,"BR",10.000
197223,2,"HE",5.000
197223,3,"BR",0.000
197224,2,"HE",10.000
197224,3,"BR",0.000
197225,1,"SH",5.000
197225,2,"HE",10.000
197225,3,"BR",0.000
197226,1,"SH",5.000
197226,2,"HE",10.000
197226,3,"BR",0.000
197227,1,"SH",10.000
197227,2,"HE",60.000
197227,3,"BR",0.000
197228,1,"SH",10.000
197228,2,"HE",60.000
197228,3,"BR",5.000
197229,1,"SH",5.000
197229,2,"HE",10.000
197229,3,"BR",0.000
197230,2,"HE",10.000
197230,3,"BR",0.000
197231,1,"SH",5.000
197231,2,"HE",20.000
197231,3,"BR",0.000
197232,2,"HE",10.000
197232,3,"BR",0.000
197233,1,"SH",5.000
197233,2,"HE",25.000
197233,3,"BR",0.000
197234,1,"SH",5.000
197234,2,"HE",45.000
197234,3,"BR",5.000
197235,1,"SH",5.000
197235,2,"HE",30.000
197235,3,"BR",5.000
197236,2,"HE",10.000
197236,3,"BR",0.000
197237,1,"SH",5.000
197237,2,"HE",15.000
197237,3,"BR",0.000
197238,1,"SH",5.000
197238,2,"HE",20.000
197238,3,"BR",0.000
197240,2,"HE",10.000
197240,3,"BR",5.000
197242,1,"SH",10.000
197242,2,"HE",30.000
197242,3,"BR",0.000
197243,1,"SH",10.000
197243,2,"HE",35.000
197243,3,"BR",0.000
197244,1,"SH",20.000
197244,2,"HE",20.000
197244,3,"BR",0.000
197245,1,"SH",5.000
197245,2,"HE",15.000
197245,3,"BR",10.000
197246,1,"SH",10.000
197246,2,"HE",25.000
197246,3,"BR",0.000
197247,2,"HE",10.000
197247,3,"BR",0.000
197248,1,"SH",15.000
197248,2,"HE",30.000
197248,3,"BR",0.000
197249,1,"SH",5.000
197249,2,"HE",5.000
197249,3,"BR",30.000
197250,1,"SH",5.000
197250,2,"HE",40.000
197250,3,"BR",5.000
197251,1,"SH",10.000
197251,2,"HE",15.000
197251,3,"BR",0.000
197252,1,"SH",5.000
197252,2,"HE",10.000
197252,3,"BR",0.000
197253,1,"SH",5.000
197253,2,"HE",25.000
197253,3,"BR",5.000
197254,1,"SH",10.000
197254,2,"HE",20.000
197254,3,"BR",5.000
197255,1,"SH",5.000
197255,2,"HE",10.000
197255,3,"BR",5.000
197256,2,"HE",10.000
197256,3,"BR",0.000
197257,1,"SH",15.000
197257,2,"HE",60.000
197257,3,"BR",5.000
197258,1,"SH",5.000
197258,2,"HE",10.000
197258,3,"BR",0.000
197259,1,"SH",5.000
197259,2,"HE",35.000
197259,3,"BR",5.000
197260,2,"HE",5.000
197260,3,"BR",0.000
197261,1,"SH",10.000
197261,2,"HE",20.000
197261,3,"BR",0.000
197262,1,"SH",5.000
197262,2,"HE",15.000
197262,3,"BR",0.000
197263,2,"HE",10.000
197263,3,"BR",0.000
197264,1,"SH",10.000
197264,2,"HE",45.000
197264,3,"BR",0.000
197265,1,"SH",5.000
197265,2,"HE",20.000
197265,3,"BR",0.000
197266,1,"SH",5.000
197266,2,"HE",15.000
197266,3,"BR",0.000
197267,1,"SH",10.000
197267,2,"HE",40.000
197267,3,"BR",0.000
197268,2,"HE",10.000
197268,3,"BR",0.000
197270,1,"SH",10.000
197270,2,"HE",30.000
197270,3,"BR",0.000
197271,1,"SH",25.000
197271,2,"HE",35.000
197271,3,"BR",0.000
197272,2,"HE",10.000
197272,3,"BR",0.000
197273,1,"SH",5.000
197273,2,"HE",10.000
197273,3,"BR",0.000
197274,2,"HE",10.000
197274,3,"BR",0.000
197275,1,"SH",5.000
197275,2,"HE",20.000
197275,3,"BR",0.000
197276,1,"SH",5.000
197276,2,"HE",20.000
197276,3,"BR",10.000
197277,2,"HE",10.000
197277,3,"BR",0.000
197278,1,"SH",5.000
197278,2,"HE",10.000
197278,3,"BR",5.000
197279,1,"SH",5.000
197279,2,"HE",15.000
197279,3,"BR",0.000
197280,2,"HE",10.000
197280,3,"BR",0.000
197281,1,"SH",5.000
197281,2,"HE",15.000
197281,3,"BR",0.000
197282,1,"SH",5.000
197282,2,"HE",10.000
197282,3,"BR",0.000
197283,2,"HE",5.000
197283,3,"BR",0.000
197284,1,"SH",5.000
197284,2,"HE",15.000
197284,3,"BR",0.000
197285,1,"SH",5.000
197285,2,"HE",30.000
197285,3,"BR",0.000
197286,1,"SH",5.000
197286,2,"HE",10.000
197286,3,"BR",0.000
197287,1,"SH",5.000
197287,2,"HE",10.000
197287,3,"BR",0.000
197288,2,"HE",5.000
197288,3,"BR",0.000
197290,1,"SH",10.000
197290,2,"HE",20.000
197290,3,"BR",0.000
197291,2,"HE",20.000
197291,3,"BR",0.000
197292,1,"SH",5.000
197292,2,"HE",20.000
197292,3,"BR",0.000
197293,1,"SH",5.000
197293,2,"HE",10.000
197293,3,"BR",0.000
197294,2,"HE",10.000
197294,3,"BR",0.000
197295,1,"SH",5.000
197295,2,"HE",30.000
197295,3,"BR",10.000
197296,1,"SH",5.000
197296,2,"HE",35.000
197296,3,"BR",5.000
197297,1,"SH",5.000
197297,2,"HE",15.000
197297,3,"BR",0.000
197298,1,"SH",5.000
197298,2,"HE",20.000
197298,3,"BR",0.000
197299,1,"SH",5.000
197299,2,"HE",35.000
197299,3,"BR",0.000
197300,1,"SH",5.000
197300,2,"HE",10.000
197300,3,"BR",0.000
197301,1,"SH",5.000
197301,2,"HE",20.000
197301,3,"BR",0.000
197302,1,"SH",5.000
197302,2,"HE",40.000
197302,3,"BR",0.000
197303,2,"HE",10.000
197303,3,"BR",0.000
197304,2,"HE",5.000
197304,3,"BR",0.000
197305,1,"SH",10.000
197305,2,"HE",25.000
197305,3,"BR",5.000
197306,1,"SH",5.000
197306,2,"HE",25.000
197306,3,"BR",10.000
197308,1,"SH",5.000
197308,2,"HE",20.000
197308,3,"BR",0.000
197310,1,"SH",5.000
197310,2,"HE",10.000
197310,3,"BR",0.000
197311,1,"SH",15.000
197311,2,"HE",60.000
197311,3,"BR",0.000
197312,1,"SH",5.000
197312,2,"HE",30.000
197312,3,"BR",0.000
197313,1,"SH",5.000
197313,2,"HE",5.000
197313,3,"BR",0.000
197314,1,"SH",5.000
197314,2,"HE",15.000
197314,3,"BR",0.000
197315,1,"SH",5.000
197315,2,"HE",20.000
197315,3,"BR",0.000
197316,1,"SH",5.000
197316,2,"HE",15.000
197316,3,"BR",0.000
197317,1,"SH",5.000
197317,2,"HE",25.000
197317,3,"BR",0.000
197318,1,"SH",5.000
197318,2,"HE",30.000
197318,3,"BR",0.000
197319,2,"HE",10.000
197319,3,"BR",0.000
197320,1,"SH",5.000
197320,2,"HE",10.000
197320,3,"BR",0.000
197321,2,"HE",5.000
197321,3,"BR",0.000
197322,1,"SH",5.000
197322,2,"HE",10.000
197322,3,"BR",0.000
197323,1,"SH",5.000
197323,2,"HE",10.000
197323,3,"BR",0.000
197324,1,"SH",5.000
197324,2,"HE",25.000
197324,3,"BR",10.000
197325,1,"SH",5.000
197325,2,"HE",40.000
197325,3,"BR",5.000
197326,2,"HE",5.000
197326,3,"BR",0.000
197327,2,"HE",10.000
197327,3,"BR",0.000
197328,2,"HE",10.000
197328,3,"BR",0.000
197329,2,"HE",10.000
197329,3,"BR",0.000
197330,1,"SH",20.000
197330,2,"HE",30.000
197330,3,"BR",0.000
197331,1,"SH",25.000
197331,2,"HE",50.000
197331,3,"BR",0.000
197332,1,"SH",5.000
197332,2,"HE",15.000
197332,3,"BR",20.000
197333,1,"SH",5.000
197333,2,"HE",35.000
197333,3,"BR",0.000
197334,2,"HE",10.000
197334,3,"BR",0.000
197335,1,"SH",5.000
197335,2,"HE",20.000
197335,3,"BR",0.000
197336,1,"SH",5.000
197336,2,"HE",10.000
197336,3,"BR",0.000
197337,2,"HE",10.000
197337,3,"BR",0.000
197338,2,"HE",15.000
197338,3,"BR",0.000
197339,2,"HE",5.000
197339,3,"BR",0.000
197340,1,"SH",5.000
197340,2,"HE",40.000
197340,3,"BR",5.000
197341,1,"SH",5.000
197341,2,"HE",30.000
197341,3,"BR",0.000
197342,1,"SH",5.000
197342,2,"HE",25.000
197342,3,"BR",5.000
197343,1,"SH",5.000
197343,2,"HE",45.000
197343,3,"BR",0.000
197344,1,"SH",10.000
197344,2,"HE",35.000
197344,3,"BR",5.000
197345,1,"SH",10.000
197345,2,"HE",35.000
197345,3,"BR",0.000
197346,1,"SH",5.000
197346,2,"HE",15.000
197346,3,"BR",0.000
197347,1,"SH",5.000
197347,2,"HE",25.000
197347,3,"BR",15.000
197348,1,"SH",5.000
197348,2,"HE",30.000
197348,3,"BR",0.000
197349,1,"SH",5.000
197349,2,"HE",40.000
197349,3,"BR",0.000
197350,2,"HE",5.000
197350,3,"BR",0.000
197351,2,"HE",10.000
197351,3,"BR",0.000
197352,1,"SH",10.000
197352,2,"HE",40.000
197352,3,"BR",10.000
197353,2,"HE",10.000
197353,3,"BR",0.000
197354,1,"SH",5.000
197354,2,"HE",20.000
197354,3,"BR",5.000
197355,1,"SH",5.000
197355,2,"HE",30.000
197355,3,"BR",5.000
197356,1,"SH",15.000
197356,2,"HE",50.000
197356,3,"BR",5.000
197357,1,"SH",10.000
197357,2,"HE",40.000
197357,3,"BR",5.000
197358,1,"SH",5.000
197358,2,"HE",5.000
197358,3,"BR",0.000
197359,2,"HE",10.000
197359,3,"BR",0.000
197360,1,"SH",5.000
197360,2,"HE",30.000
197360,3,"BR",5.000
197361,1,"SH",10.000
197361,2,"HE",25.000
197361,3,"BR",0.000
197362,1,"SH",5.000
197362,2,"HE",25.000
197362,3,"BR",0.000
197363,1,"SH",15.000
197363,2,"HE",55.000
197363,3,"BR",0.000
197364,1,"SH",5.000
197364,2,"HE",10.000
197364,3,"BR",0.000
197365,1,"SH",10.000
197365,2,"HE",30.000
197365,3,"BR",0.000
197366,1,"SH",10.000
197366,2,"HE",10.000
197366,3,"BR",15.000
197367,1,"SH",5.000
197367,2,"HE",40.000
197367,3,"BR",0.000
197368,1,"SH",5.000
197368,2,"HE",30.000
197368,3,"BR",10.000
197369,1,"SH",15.000
197369,2,"HE",45.000
197369,3,"BR",0.000
197370,1,"SH",5.000
197370,2,"HE",20.000
197370,3,"BR",0.000
197371,1,"SH",10.000
197371,2,"HE",30.000
197371,3,"BR",0.000
197372,2,"HE",10.000
197372,3,"BR",0.000
197373,1,"SH",5.000
197373,2,"HE",10.000
197373,3,"BR",0.000
197374,2,"HE",10.000
197374,3,"BR",0.000
197375,1,"SH",5.000
197375,2,"HE",15.000
197375,3,"BR",0.000
197376,2,"HE",10.000
197376,3,"BR",0.000
197377,1,"SH",5.000
197377,2,"HE",15.000
197377,3,"BR",0.000
197378,1,"SH",5.000
197378,2,"HE",15.000
197378,3,"BR",0.000
197379,1,"SH",30.000
197379,2,"HE",40.000
197379,3,"BR",0.000
197380,1,"SH",5.000
197380,2,"HE",10.000
197380,3,"BR",0.000
197381,1,"SH",5.000
197381,2,"HE",10.000
197381,3,"BR",0.000
197382,2,"HE",10.000
197382,3,"BR",0.000
197383,1,"SH",5.000
197383,2,"HE",15.000
197383,3,"BR",15.000
197384,1,"SH",10.000
197384,2,"HE",10.000
197384,3,"BR",0.000
197385,1,"SH",5.000
197385,2,"HE",15.000
197385,3,"BR",0.000
197386,1,"SH",5.000
197386,2,"HE",15.000
197386,3,"BR",0.000
197387,1,"SH",10.000
197387,2,"HE",10.000
197387,3,"BR",0.000
197388,1,"SH",10.000
197388,2,"HE",40.000
197388,3,"BR",5.000
197389,2,"HE",5.000
197389,3,"BR",0.000
197390,2,"HE",15.000
197390,3,"BR",5.000
197391,1,"SH",5.000
197391,2,"HE",15.000
197391,3,"BR",20.000
197392,1,"SH",15.000
197392,2,"HE",60.000
197392,3,"BR",5.000
197394,1,"SH",5.000
197394,2,"HE",25.000
197394,3,"BR",0.000
197395,2,"HE",5.000
197395,3,"BR",0.000
197396,1,"SH",5.000
197396,2,"HE",20.000
197396,3,"BR",5.000
197397,1,"SH",5.000
197397,2,"HE",20.000
197397,3,"BR",0.000
197398,1,"SH",5.000
197398,2,"HE",40.000
197398,3,"BR",5.000
197399,1,"SH",5.000
197399,2,"HE",45.000
197399,3,"BR",0.000
197400,1,"SH",15.000
197400,2,"HE",25.000
197400,3,"BR",5.000
197401,1,"SH",10.000
197401,2,"HE",50.000
197401,3,"BR",5.000
197402,1,"SH",5.000
197402,2,"HE",10.000
197402,3,"BR",0.000
197403,1,"SH",5.000
197403,2,"HE",40.000
197403,3,"BR",5.000
197404,1,"SH",30.000
197404,2,"HE",15.000
197404,3,"BR",0.000
197405,1,"SH",5.000
197405,2,"HE",10.000
197405,3,"BR",0.000
197406,1,"SH",5.000
197406,2,"HE",25.000
197406,3,"BR",10.000
197407,1,"SH",5.000
197407,2,"HE",45.000
197407,3,"BR",0.000
197408,1,"SH",5.000
197408,2,"HE",15.000
197408,3,"BR",0.000
197409,2,"HE",5.000
197409,3,"BR",0.000
197410,1,"SH",5.000
197410,2,"HE",10.000
197410,3,"BR",0.000
197411,1,"SH",10.000
197411,2,"HE",35.000
197411,3,"BR",5.000
197412,1,"SH",5.000
197412,2,"HE",60.000
197412,3,"BR",0.000
197413,2,"HE",10.000
197413,3,"BR",0.000
197414,1,"SH",5.000
197414,2,"HE",15.000
197414,3,"BR",10.000
197415,2,"HE",5.000
197415,3,"BR",0.000
197416,1,"SH",5.000
197416,2,"HE",20.000
197416,3,"BR",0.000
197417,2,"HE",10.000
197417,3,"BR",0.000
197418,1,"SH",25.000
197418,2,"HE",40.000
197418,3,"BR",0.000
197419,2,"HE",10.000
197419,3,"BR",0.000
197420,2,"HE",10.000
197420,3,"BR",0.000
197421,1,"SH",5.000
197421,2,"HE",40.000
197421,3,"BR",0.000
197422,1,"SH",5.000
197422,2,"HE",25.000
197422,3,"BR",0.000
197423,1,"SH",5.000
197423,2,"HE",35.000
197423,3,"BR",5.000
197424,1,"SH",5.000
197424,2,"HE",15.000
197424,3,"BR",0.000
197425,1,"SH",5.000
197425,2,"HE",45.000
197425,3,"BR",5.000
197426,1,"SH",5.000
197426,2,"HE",15.000
197426,3,"BR",0.000
197427,1,"SH",5.000
197427,2,"HE",20.000
197427,3,"BR",10.000
197428,1,"SH",5.000
197428,2,"HE",15.000
197428,3,"BR",15.000
197429,1,"SH",5.000
197429,2,"HE",30.000
197429,3,"BR",5.000
197430,1,"SH",20.000
197430,2,"HE",20.000
197430,3,"BR",0.000
197431,2,"HE",10.000
197431,3,"BR",0.000
197432,1,"SH",10.000
197432,2,"HE",10.000
197432,3,"BR",0.000
197433,2,"HE",5.000
197433,3,"BR",0.000
197434,1,"SH",5.000
197434,2,"HE",10.000
197434,3,"BR",0.000
197435,1,"SH",10.000
197435,2,"HE",40.000
197435,3,"BR",15.000
197436,1,"SH",5.000
197436,2,"HE",10.000
197436,3,"BR",0.000
197437,2,"HE",20.000
197437,3,"BR",0.000
197438,2,"HE",5.000
197438,3,"BR",0.000
197439,2,"HE",5.000
197439,3,"BR",0.000
197440,1,"SH",10.000
197440,2,"HE",20.000
197440,3,"BR",10.000
197441,1,"SH",25.000
197441,2,"HE",40.000
197441,3,"BR",0.000
197442,1,"SH",5.000
197442,2,"HE",20.000
197442,3,"BR",15.000
197443,1,"SH",5.000
197443,2,"HE",30.000
197443,3,"BR",5.000
197444,1,"SH",5.000
197444,2,"HE",20.000
197444,3,"BR",0.000
197446,2,"HE",5.000
197446,3,"BR",0.000
197447,1,"SH",5.000
197447,2,"HE",15.000
197447,3,"BR",0.000
197448,1,"SH",5.000
197448,2,"HE",40.000
197448,3,"BR",5.000
197449,1,"SH",5.000
197449,2,"HE",20.000
197449,3,"BR",0.000
197450,2,"HE",5.000
197450,3,"BR",0.000
197451,1,"SH",5.000
197451,2,"HE",10.000
197451,3,"BR",0.000
197452,2,"HE",5.000
197452,3,"BR",0.000
197453,1,"SH",10.000
197453,2,"HE",30.000
197453,3,"BR",0.000
197454,2,"HE",10.000
197454,3,"BR",0.000
197455,1,"SH",10.000
197455,2,"HE",20.000
197455,3,"BR",0.000
197456,1,"SH",5.000
197456,2,"HE",15.000
197456,3,"BR",0.000
197457,1,"SH",20.000
197457,2,"HE",40.000
197457,3,"BR",5.000
197458,2,"HE",45.000
197458,3,"BR",0.000
197459,1,"SH",10.000
197459,2,"HE",20.000
197459,3,"BR",0.000
197460,1,"SH",5.000
197460,2,"HE",20.000
197460,3,"BR",0.000
197461,2,"HE",5.000
197461,3,"BR",0.000
197462,1,"SH",10.000
197462,2,"HE",45.000
197462,3,"BR",5.000
197463,1,"SH",5.000
197463,2,"HE",5.000
197463,3,"BR",0.000
197464,1,"SH",10.000
197464,2,"HE",25.000
197464,3,"BR",0.000
197465,1,"SH",15.000
197465,2,"HE",15.000
197465,3,"BR",5.000
197466,1,"SH",10.000
197466,2,"HE",10.000
197466,3,"BR",0.000
197467,1,"SH",5.000
197467,2,"HE",50.000
197467,3,"BR",10.000
197468,2,"HE",10.000
197468,3,"BR",0.000
197469,2,"HE",5.000
197469,3,"BR",0.000
197470,1,"SH",5.000
197470,2,"HE",30.000
197470,3,"BR",5.000
197471,1,"SH",5.000
197471,2,"HE",25.000
197471,3,"BR",0.000
197472,1,"SH",5.000
197472,2,"HE",25.000
197472,3,"BR",10.000
197473,1,"SH",5.000
197473,2,"HE",45.000
197473,3,"BR",0.000
197474,1,"SH",5.000
197474,2,"HE",35.000
197474,3,"BR",0.000
197475,2,"HE",10.000
197475,3,"BR",0.000
197477,1,"SH",5.000
197477,2,"HE",35.000
197477,3,"BR",0.000
197478,2,"HE",10.000
197478,3,"BR",0.000
197479,1,"SH",5.000
197479,2,"HE",10.000
197479,3,"BR",0.000
197480,1,"SH",5.000
197480,2,"HE",15.000
197480,3,"BR",0.000
197481,1,"SH",15.000
197481,3,"BR",25.000
197482,2,"HE",10.000
197482,3,"BR",0.000
197483,1,"SH",5.000
197483,2,"HE",15.000
197483,3,"BR",0.000
197484,1,"SH",5.000
197484,2,"HE",40.000
197484,3,"BR",0.000
197485,1,"SH",10.000
197485,2,"HE",40.000
197485,3,"BR",10.000
197486,1,"SH",5.000
197486,2,"HE",20.000
197486,3,"BR",10.000
197487,1,"SH",5.000
197487,2,"HE",35.000
197487,3,"BR",5.000
197488,2,"HE",5.000
197488,3,"BR",0.000
197489,2,"HE",5.000
197489,3,"BR",0.000
197490,2,"HE",5.000
197490,3,"BR",0.000
197491,2,"HE",15.000
197491,3,"BR",0.000
197492,1,"SH",5.000
197492,2,"HE",15.000
197492,3,"BR",0.000
197493,2,"HE",15.000
197493,3,"BR",0.000
197494,2,"HE",10.000
197494,3,"BR",0.000
197495,1,"SH",5.000
197495,2,"HE",20.000
197495,3,"BR",0.000
197496,1,"SH",10.000
197496,2,"HE",30.000
197496,3,"BR",0.000
197497,1,"SH",5.000
197497,2,"HE",15.000
197497,3,"BR",15.000
197498,1,"SH",40.000
197498,2,"HE",35.000
197498,3,"BR",0.000
197499,1,"SH",5.000
197499,2,"HE",40.000
197499,3,"BR",5.000
197501,1,"SH",10.000
197501,2,"HE",25.000
197501,3,"BR",5.000
197502,1,"SH",10.000
197502,2,"HE",40.000
197502,3,"BR",5.000
197503,1,"SH",5.000
197503,2,"HE",30.000
197503,3,"BR",5.000
197504,1,"SH",5.000
197504,2,"HE",20.000
197504,3,"BR",0.000
197510,3,"BR",0.000
197513,3,"BR",0.000
197514,3,"BR",0.000
197525,3,"BR",0.000
197531,3,"BR",0.000
197532,3,"BR",0.000
197542,3,"BR",0.000
197544,3,"BR",0.000
197552,3,"BR",0.000
197554,3,"BR",0.000
197566,3,"BR",0.000
197567,3,"BR",0.000
197568,3,"BR",0.000
197576,3,"BR",0.000
197577,3,"BR",0.000
197582,3,"BR",0.000
197598,3,"BR",0.000
197601,3,"BR",0.000
197602,3,"BR",0.000
197608,3,"BR",0.000
197609,3,"BR",0.000
197616,3,"BR",0.000
197632,3,"BR",0.000
197634,3,"BR",0.000
197639,3,"BR",0.000
197641,3,"BR",0.000
197646,3,"BR",0.000
197649,3,"BR",0.000
197653,3,"BR",0.000
197657,3,"BR",0.000
197661,3,"BR",0.000
197663,3,"BR",0.000
197665,3,"BR",0.000
197670,3,"BR",0.000
197680,3,"BR",0.000
197682,3,"BR",0.000
197684,3,"BR",0.000
197687,3,"BR",0.000
197692,3,"BR",0.000
197699,3,"BR",0.000
197706,3,"BR",0.000
197707,3,"BR",0.000
197709,3,"BR",0.000
197713,3,"BR",0.000
197716,3,"BR",0.000
197717,3,"BR",0.000
197725,3,"BR",0.000
197727,3,"BR",0.000
197731,3,"BR",0.000
197737,3,"BR",0.000
197744,3,"BR",0.000
197749,3,"BR",0.000
197757,3,"BR",0.000
197764,3,"BR",0.000
197768,3,"BR",0.000
197774,3,"BR",0.000
197776,3,"BR",0.000
197778,3,"BR",0.000
197779,3,"BR",0.000
197780,3,"BR",0.000
197781,3,"BR",0.000
197785,3,"BR",0.000
197793,3,"BR",0.000
197802,3,"BR",0.000
197809,3,"BR",0.000
197818,3,"BR",0.000
197819,3,"BR",0.000
197821,3,"BR",0.000
197824,3,"BR",0.000
197835,3,"BR",0.000
197840,3,"BR",0.000
197843,3,"BR",0.000
197857,3,"BR",0.000
197867,3,"BR",0.000
197868,3,"BR",0.000
197870,3,"BR",0.000
197872,3,"BR",0.000
197873,3,"BR",0.000
197879,3,"BR",0.000
197881,3,"BR",0.000
197883,3,"BR",0.000
197885,3,"BR",0.000
197900,3,"BR",0.000
197902,3,"BR",0.000
197904,3,"BR",0.000
197909,3,"BR",0.000
197919,3,"BR",0.000
197927,3,"BR",0.000
197929,3,"BR",0.000
197941,3,"BR",0.000
197942,3,"BR",0.000
197944,3,"BR",0.000
197945,3,"BR",0.000
197950,3,"BR",0.000
197951,3,"BR",0.000
197952,3,"BR",0.000
197956,1,"SH",10.000
197956,2,"HE",25.000
197956,3,"BR",0.000
197961,1,"SH",5.000
197961,2,"HE",60.000
197961,3,"BR",0.000
197963,1,"SH",5.000
197963,2,"HE",15.000
197963,3,"BR",0.000
197965,1,"SH",5.000
197965,2,"HE",15.000
197965,3,"BR",0.000
197968,1,"SH",5.000
197968,2,"HE",40.000
197968,3,"BR",5.000
197970,1,"SH",5.000
197970,2,"HE",85.000
197970,3,"BR",0.000
197972,1,"SH",9.000
197972,2,"HE",75.000
197972,3,"BR",0.000
197974,1,"SH",5.000
197974,2,"HE",5.000
197974,3,"BR",0.000
197975,1,"SH",5.000
197975,2,"HE",50.000
197975,3,"BR",0.000
197976,1,"SH",5.000
197976,2,"HE",35.000
197976,3,"BR",0.000
197996,1,"SH",5.000
197996,2,"HE",15.000
197996,3,"BR",20.000
197999,1,"SH",5.000
197999,2,"HE",60.000
197999,3,"BR",0.000
198000,1,"SH",10.000
198000,2,"HE",40.000
198000,3,"BR",0.000
198003,1,"SH",5.000
198003,2,"HE",30.000
198003,3,"BR",5.000
198006,2,"HE",10.000
198006,3,"BR",0.000
198015,1,"SH",5.000
198015,2,"HE",85.000
198015,3,"BR",0.000
198022,1,"SH",25.000
198022,2,"HE",60.000
198022,3,"BR",0.000
198025,1,"SH",5.000
198025,2,"HE",10.000
198025,3,"BR",0.000
198026,1,"SH",10.000
198026,2,"HE",25.000
198026,3,"BR",5.000
198029,1,"SH",5.000
198029,2,"HE",15.000
198029,3,"BR",0.000
198033,1,"SH",20.000
198033,2,"HE",15.000
198033,3,"BR",0.000
198034,1,"SH",10.000
198034,2,"HE",30.000
198034,3,"BR",0.000
198035,1,"SH",5.000
198035,2,"HE",30.000
198035,3,"BR",20.000
198036,2,"HE",10.000
198036,3,"BR",5.000
198037,1,"SH",9.000
198037,2,"HE",75.000
198037,3,"BR",0.000
198044,1,"SH",20.000
198044,2,"HE",60.000
198044,3,"BR",7.000
198046,1,"SH",5.000
198046,2,"HE",50.000
198046,3,"BR",0.000
198047,1,"SH",5.000
198047,2,"HE",5.000
198047,3,"BR",25.000
198054,1,"SH",5.000
198054,2,"HE",25.000
198054,3,"BR",20.000
198060,1,"SH",10.000
198060,2,"HE",40.000
198060,3,"BR",0.000
198062,1,"SH",10.000
198062,2,"HE",35.000
198062,3,"BR",0.000
198065,1,"SH",10.000
198065,2,"HE",25.000
198065,3,"BR",0.000
198068,2,"HE",40.000
198068,3,"BR",0.000
198072,1,"SH",5.000
198072,2,"HE",50.000
198072,3,"BR",0.000
198075,1,"SH",5.000
198075,2,"HE",15.000
198075,3,"BR",0.000
198076,1,"SH",10.000
198076,2,"HE",20.000
198076,3,"BR",5.000
198077,1,"SH",5.000
198077,2,"HE",15.000
198077,3,"BR",15.000
198078,1,"SH",5.000
198078,2,"HE",50.000
198078,3,"BR",0.000
198081,1,"SH",10.000
198081,2,"HE",30.000
198081,3,"BR",10.000
198087,1,"SH",5.000
198087,2,"HE",25.000
198087,3,"BR",0.000
198088,1,"SH",5.000
198088,2,"HE",10.000
198088,3,"BR",0.000
198092,1,"SH",5.000
198092,2,"HE",15.000
198092,3,"BR",10.000
198093,1,"SH",10.000
198093,2,"HE",25.000
198093,3,"BR",5.000
198095,1,"SH",10.000
198095,2,"HE",30.000
198095,3,"BR",5.000
198097,1,"SH",10.000
198097,2,"HE",40.000
198097,3,"BR",0.000
198098,1,"SH",10.000
198098,2,"HE",40.000
198098,3,"BR",0.000
198102,2,"HE",5.000
198102,3,"BR",0.000
198103,1,"SH",10.000
198103,2,"HE",30.000
198103,3,"BR",0.000
198104,1,"SH",5.000
198104,2,"HE",15.000
198104,3,"BR",15.000
198109,1,"SH",5.000
198109,2,"HE",40.000
198109,3,"BR",5.000
198121,1,"SH",25.000
198121,2,"HE",15.000
198121,3,"BR",0.000
198134,2,"HE",10.000
198134,3,"BR",0.000
198142,1,"SH",5.000
198142,2,"HE",20.000
198142,3,"BR",0.000
198149,1,"SH",5.000
198149,2,"HE",25.000
198149,3,"BR",0.000
198150,1,"SH",15.000
198150,2,"HE",10.000
198150,3,"BR",0.000
198151,1,"SH",5.000
198151,2,"HE",50.000
198151,3,"BR",0.000
198156,1,"SH",10.000
198156,2,"HE",50.000
198156,3,"BR",0.000
198165,2,"HE",5.000
198165,3,"BR",0.000
198166,1,"SH",5.000
198166,2,"HE",35.000
198166,3,"BR",5.000
198171,1,"SH",10.000
198171,2,"HE",60.000
198171,3,"BR",0.000
198174,1,"SH",5.000
198174,2,"HE",15.000
198174,3,"BR",0.000
198175,1,"SH",5.000
198175,2,"HE",40.000
198175,3,"BR",0.000
198177,1,"SH",5.000
198177,2,"HE",20.000
198177,3,"BR",5.000
198185,1,"SH",5.000
198185,2,"HE",35.000
198185,3,"BR",0.000
198197,1,"SH",7.000
198197,2,"HE",80.000
198197,3,"BR",0.000
198200,1,"SH",10.000
198200,2,"HE",40.000
198200,3,"BR",5.000
198201,1,"SH",20.000
198201,2,"HE",60.000
198201,3,"BR",0.000
198202,1,"SH",5.000
198202,2,"HE",10.000
198202,3,"BR",0.000
198203,1,"SH",5.000
198203,2,"HE",40.000
198203,3,"BR",0.000
198217,1,"SH",5.000
198217,2,"HE",75.000
198217,3,"BR",0.000
198218,1,"SH",10.000
198218,2,"HE",60.000
198218,3,"BR",0.000
198219,1,"SH",5.000
198219,2,"HE",30.000
198219,3,"BR",5.000
198228,1,"SH",10.000
198228,2,"HE",25.000
198228,3,"BR",0.000
198229,1,"SH",5.000
198229,2,"HE",15.000
198229,3,"BR",0.000
198230,1,"SH",5.000
198230,2,"HE",35.000
198230,3,"BR",0.000
198234,2,"HE",25.000
198234,3,"BR",0.000
198237,1,"SH",40.000
198237,2,"HE",40.000
198237,3,"BR",0.000
198238,1,"SH",5.000
198238,2,"HE",25.000
198238,3,"BR",10.000
198248,1,"SH",5.000
198248,2,"HE",30.000
198248,3,"BR",5.000
198251,1,"SH",5.000
198251,2,"HE",20.000
198251,3,"BR",0.000
198259,2,"HE",10.000
198259,3,"BR",0.000
198260,1,"SH",5.000
198260,2,"HE",30.000
198260,3,"BR",15.000
198266,1,"SH",25.000
198266,2,"HE",50.000
198266,3,"BR",0.000
198267,1,"SH",5.000
198267,2,"HE",50.000
198267,3,"BR",0.000
198269,1,"SH",10.000
198269,2,"HE",35.000
198269,3,"BR",15.000
198276,1,"SH",5.000
198276,2,"HE",20.000
198276,3,"BR",0.000
198277,1,"SH",10.000
198277,2,"HE",30.000
198277,3,"BR",0.000
198279,1,"SH",5.000
198279,2,"HE",30.000
198279,3,"BR",15.000
198282,1,"SH",5.000
198282,2,"HE",20.000
198282,3,"BR",5.000
198286,1,"SH",10.000
198286,2,"HE",25.000
198286,3,"BR",0.000
198290,1,"SH",10.000
198290,2,"HE",60.000
198290,3,"BR",0.000
198295,1,"SH",10.000
198295,2,"HE",40.000
198295,3,"BR",0.000
198296,1,"SH",5.000
198296,2,"HE",35.000
198296,3,"BR",5.000
198297,1,"SH",5.000
198297,2,"HE",40.000
198297,3,"BR",0.000
198300,1,"SH",5.000
198300,2,"HE",25.000
198300,3,"BR",0.000
198304,1,"SH",25.000
198304,2,"HE",50.000
198304,3,"BR",0.000
198306,1,"SH",10.000
198306,2,"HE",20.000
198306,3,"BR",0.000
198309,2,"HE",30.000
198309,3,"BR",10.000
198314,1,"SH",10.000
198314,2,"HE",45.000
198314,3,"BR",0.000
198317,1,"SH",5.000
198317,2,"HE",15.000
198317,3,"BR",0.000
198320,1,"SH",5.000
198320,2,"HE",30.000
198320,3,"BR",0.000
198322,1,"SH",5.000
198322,2,"HE",40.000
198322,3,"BR",0.000
198326,1,"SH",10.000
198326,2,"HE",35.000
198326,3,"BR",0.000
198328,1,"SH",7.000
198328,2,"HE",80.000
198328,3,"BR",0.000
198330,1,"SH",5.000
198330,2,"HE",25.000
198330,3,"BR",5.000
198341,1,"SH",5.000
198341,2,"HE",15.000
198341,3,"BR",0.000
198345,1,"SH",10.000
198345,2,"HE",50.000
198345,3,"BR",0.000
198348,1,"SH",10.000
198348,2,"HE",40.000
198348,3,"BR",5.000
198352,1,"SH",15.000
198352,2,"HE",55.000
198352,3,"BR",0.000
198353,1,"SH",5.000
198353,2,"HE",50.000
198353,3,"BR",5.000
198356,1,"SH",5.000
198356,2,"HE",60.000
198356,3,"BR",0.000
198357,1,"SH",10.000
198357,2,"HE",10.000
198357,3,"BR",0.000
198361,1,"SH",15.000
198361,2,"HE",15.000
198361,3,"BR",0.000
198368,1,"SH",15.000
198368,2,"HE",10.000
198368,3,"BR",0.000
198372,1,"SH",20.000
198372,2,"HE",65.000
198372,3,"BR",0.000
198379,1,"SH",5.000
198379,2,"HE",35.000
198379,3,"BR",0.000
198380,1,"SH",5.000
198380,2,"HE",25.000
198380,3,"BR",0.000
198386,1,"SH",10.000
198386,2,"HE",35.000
198386,3,"BR",5.000
198391,1,"SH",10.000
198391,2,"HE",60.000
198391,3,"BR",0.000
198394,1,"SH",10.000
198394,2,"HE",10.000
198394,3,"BR",0.000
198397,1,"SH",5.000
198397,2,"HE",5.000
198397,3,"BR",0.000
198398,1,"SH",10.000
198398,2,"HE",45.000
198398,3,"BR",0.000
198404,1,"SH",5.000
198404,2,"HE",70.000
198404,3,"BR",0.000
198409,1,"SH",5.000
198409,2,"HE",30.000
198409,3,"BR",15.000
198410,1,"SH",10.000
198410,2,"HE",50.000
198410,3,"BR",0.000
198413,1,"SH",5.000
198413,3,"BR",0.000
198420,1,"SH",20.000
198420,2,"HE",60.000
198420,3,"BR",0.000
198421,1,"SH",5.000
198421,2,"HE",30.000
198421,3,"BR",5.000
198422,1,"SH",10.000
198422,2,"HE",75.000
198422,3,"BR",0.000
198423,1,"SH",5.000
198423,2,"HE",40.000
198423,3,"BR",0.000
198429,2,"HE",10.000
198429,3,"BR",0.000
198432,1,"SH",20.000
198432,2,"HE",65.000
198432,3,"BR",0.000
198437,1,"SH",5.000
198437,2,"HE",30.000
198437,3,"BR",5.000
198441,1,"SH",5.000
198441,2,"HE",15.000
198441,3,"BR",15.000
198444,1,"SH",5.000
198444,2,"HE",45.000
198444,3,"BR",0.000
198445,2,"HE",10.000
198445,3,"BR",0.000
198446,1,"SH",5.000
198446,2,"HE",50.000
198446,3,"BR",0.000
198452,1,"SH",10.000
198452,2,"HE",60.000
198452,3,"BR",0.000
198455,1,"SH",5.000
198455,2,"HE",30.000
198455,3,"BR",5.000
198456,1,"SH",10.000
198456,2,"HE",40.000
198456,3,"BR",0.000
198459,1,"SH",5.000
198459,2,"HE",10.000
198459,3,"BR",0.000
198462,1,"SH",10.000
198462,2,"HE",35.000
198462,3,"BR",0.000
198463,1,"SH",5.000
198463,2,"HE",20.000
198463,3,"BR",0.000
198467,1,"SH",10.000
198467,2,"HE",15.000
198467,3,"BR",10.000
198470,2,"HE",5.000
198470,3,"BR",0.000
198473,1,"SH",10.000
198473,2,"HE",25.000
198473,3,"BR",0.000
198477,1,"SH",5.000
198477,2,"HE",20.000
198477,3,"BR",5.000
198480,1,"SH",5.000
198480,2,"HE",10.000
198480,3,"BR",0.000
198481,1,"SH",10.000
198481,2,"HE",40.000
198481,3,"BR",10.000
198482,2,"HE",5.000
198482,3,"BR",0.000
198488,1,"SH",10.000
198488,2,"HE",30.000
198488,3,"BR",0.000
198492,1,"SH",5.000
198492,2,"HE",10.000
198492,3,"BR",5.000
198495,1,"SH",5.000
198495,2,"HE",20.000
198495,3,"BR",15.000
198501,1,"SH",10.000
198501,2,"HE",15.000
198501,3,"BR",0.000
198512,1,"SH",10.000
198512,2,"HE",30.000
198512,3,"BR",0.000
198513,1,"SH",10.000
198513,2,"HE",5.000
198513,3,"BR",0.000
198519,1,"SH",10.000
198519,2,"HE",35.000
198519,3,"BR",0.000
198523,1,"SH",10.000
198523,2,"HE",50.000
198523,3,"BR",0.000
198528,1,"SH",10.000
198528,2,"HE",45.000
198528,3,"BR",0.000
198537,2,"HE",10.000
198537,3,"BR",0.000
198540,1,"SH",5.000
198540,2,"HE",80.000
198540,3,"BR",0.000
198542,1,"SH",5.000
198542,2,"HE",10.000
198542,3,"BR",0.000
198544,1,"SH",5.000
198544,2,"HE",40.000
198544,3,"BR",5.000
198546,1,"SH",10.000
198546,2,"HE",20.000
198546,3,"BR",0.000
198554,1,"SH",10.000
198554,2,"HE",35.000
198554,3,"BR",10.000
198559,1,"SH",5.000
198559,2,"HE",25.000
198559,3,"BR",0.000
198564,1,"SH",15.000
198564,2,"HE",15.000
198564,3,"BR",0.000
198566,1,"SH",5.000
198566,2,"HE",10.000
198566,3,"BR",0.000
198574,1,"SH",5.000
198574,2,"HE",35.000
198574,3,"BR",5.000
198579,1,"SH",10.000
198579,2,"HE",40.000
198579,3,"BR",5.000
198580,1,"SH",5.000
198580,2,"HE",35.000
198580,3,"BR",5.000
198588,1,"SH",10.000
198588,2,"HE",25.000
198588,3,"BR",0.000
198609,1,"SH",15.000
198609,2,"HE",35.000
198609,3,"BR",0.000
198612,1,"SH",5.000
198612,2,"HE",35.000
198612,3,"BR",5.000
198614,1,"SH",5.000
198614,2,"HE",20.000
198614,3,"BR",15.000
198620,1,"SH",5.000
198620,2,"HE",10.000
198620,3,"BR",0.000
198621,1,"SH",5.000
198621,2,"HE",30.000
198621,3,"BR",5.000
198625,1,"SH",15.000
198625,2,"HE",20.000
198625,3,"BR",5.000
198626,1,"SH",5.000
198626,2,"HE",20.000
198626,3,"BR",15.000
198627,1,"SH",5.000
198627,2,"HE",20.000
198627,3,"BR",20.000
198629,1,"SH",10.000
198629,2,"HE",10.000
198629,3,"BR",0.000
198633,1,"SH",5.000
198633,2,"HE",10.000
198633,3,"BR",0.000
198641,2,"HE",10.000
198641,3,"BR",0.000
198642,1,"SH",30.000
198642,2,"HE",50.000
198642,3,"BR",0.000
198645,1,"SH",5.000
198645,2,"HE",30.000
198645,3,"BR",0.000
198648,1,"SH",5.000
198648,3,"BR",0.000
198652,1,"SH",25.000
198652,2,"HE",20.000
198652,3,"BR",0.000
198659,1,"SH",10.000
198659,2,"HE",40.000
198659,3,"BR",5.000
198660,1,"SH",5.000
198660,2,"HE",15.000
198660,3,"BR",0.000
198664,1,"SH",5.000
198664,2,"HE",85.000
198664,3,"BR",0.000
198666,1,"SH",10.000
198666,2,"HE",15.000
198666,3,"BR",0.000
198675,1,"SH",10.000
198675,2,"HE",20.000
198675,3,"BR",0.000
198680,1,"SH",5.000
198680,2,"HE",30.000
198680,3,"BR",0.000
198687,1,"SH",5.000
198687,2,"HE",70.000
198687,3,"BR",0.000
198690,1,"SH",10.000
198690,2,"HE",30.000
198690,3,"BR",0.000
198695,1,"SH",5.000
198695,2,"HE",50.000
198695,3,"BR",5.000
198696,1,"SH",5.000
198696,2,"HE",60.000
198696,3,"BR",0.000
198702,1,"SH",10.000
198702,2,"HE",50.000
198702,3,"BR",0.000
198703,1,"SH",15.000
198703,2,"HE",35.000
198703,3,"BR",0.000
198704,2,"HE",10.000
198704,3,"BR",0.000
198707,1,"SH",10.000
198707,2,"HE",30.000
198707,3,"BR",0.000
198710,2,"HE",15.000
198710,3,"BR",0.000
198716,1,"SH",20.000
198716,2,"HE",60.000
198716,3,"BR",0.000
198717,1,"SH",5.000
198717,2,"HE",30.000
198717,3,"BR",0.000
198724,1,"SH",10.000
198724,2,"HE",40.000
198724,3,"BR",0.000
198725,1,"SH",5.000
198725,2,"HE",50.000
198725,3,"BR",0.000
198746,1,"SH",5.000
198746,2,"HE",15.000
198746,3,"BR",10.000
198747,1,"SH",5.000
198747,2,"HE",10.000
198747,3,"BR",0.000
198750,2,"HE",5.000
198750,3,"BR",0.000
198751,1,"SH",5.000
198751,2,"HE",40.000
198751,3,"BR",0.000
198752,1,"SH",5.000
198752,2,"HE",80.000
198752,3,"BR",0.000
198760,1,"SH",10.000
198760,2,"HE",20.000
198760,3,"BR",10.000
198761,2,"HE",30.000
198761,3,"BR",10.000
198763,1,"SH",10.000
198763,2,"HE",10.000
198763,3,"BR",0.000
198771,1,"SH",25.000
198771,2,"HE",30.000
198771,3,"BR",0.000
198773,1,"SH",15.000
198773,2,"HE",60.000
198773,3,"BR",0.000
198775,1,"SH",5.000
198775,2,"HE",35.000
198775,3,"BR",0.000
198778,1,"SH",15.000
198778,2,"HE",30.000
198778,3,"BR",0.000
198785,1,"SH",20.000
198785,2,"HE",65.000
198785,3,"BR",0.000
198795,1,"SH",10.000
198795,2,"HE",30.000
198795,3,"BR",0.000
198796,1,"SH",5.000
198796,2,"HE",40.000
198796,3,"BR",0.000
198797,1,"SH",10.000
198797,2,"HE",30.000
198797,3,"BR",0.000
198798,1,"SH",10.000
198798,2,"HE",40.000
198798,3,"BR",0.000
198801,2,"HE",10.000
198801,3,"BR",0.000
198802,1,"SH",25.000
198802,2,"HE",10.000
198802,3,"BR",0.000
198803,1,"SH",5.000
198803,2,"HE",75.000
198803,3,"BR",0.000
198804,1,"SH",5.000
198804,2,"HE",5.000
198804,3,"BR",0.000
198805,1,"SH",5.000
198805,2,"HE",15.000
198805,3,"BR",0.000
198807,1,"SH",5.000
198807,2,"HE",25.000
198807,3,"BR",5.000
198813,1,"SH",10.000
198813,2,"HE",50.000
198813,3,"BR",0.000
198815,1,"SH",10.000
198815,2,"HE",40.000
198815,3,"BR",5.000
198820,1,"SH",5.000
198820,2,"HE",15.000
198820,3,"BR",15.000
198822,1,"SH",10.000
198822,2,"HE",40.000
198822,3,"BR",5.000
198825,1,"SH",40.000
198825,2,"HE",35.000
198825,3,"BR",0.000
198830,1,"SH",5.000
198830,2,"HE",20.000
198830,3,"BR",0.000
198833,1,"SH",10.000
198833,2,"HE",5.000
198833,3,"BR",0.000
198841,2,"HE",10.000
198841,3,"BR",0.000
198844,1,"SH",25.000
198844,2,"HE",60.000
198844,3,"BR",0.000
198845,1,"SH",15.000
198845,2,"HE",60.000
198845,3,"BR",0.000
198854,1,"SH",10.000
198854,2,"HE",25.000
198854,3,"BR",0.000
198856,1,"SH",10.000
198856,2,"HE",40.000
198856,3,"BR",0.000
198857,1,"SH",10.000
198857,2,"HE",30.000
198857,3,"BR",0.000
198862,1,"SH",10.000
198862,2,"HE",30.000
198862,3,"BR",0.000
198868,1,"SH",5.000
198868,2,"HE",50.000
198868,3,"BR",0.000
198875,1,"SH",10.000
198875,2,"HE",25.000
198875,3,"BR",0.000
198879,1,"SH",5.000
198879,2,"HE",40.000
198879,3,"BR",0.000
198889,1,"SH",25.000
198889,2,"HE",60.000
198889,3,"BR",0.000
198890,1,"SH",10.000
198890,2,"HE",40.000
198890,3,"BR",0.000
198894,1,"SH",5.000
198894,2,"HE",40.000
198894,3,"BR",5.000
198901,1,"SH",5.000
198901,2,"HE",10.000
198901,3,"BR",0.000
198902,1,"SH",20.000
198902,2,"HE",30.000
198902,3,"BR",0.000
198903,1,"SH",10.000
198903,2,"HE",75.000
198903,3,"BR",0.000
198904,1,"SH",10.000
198904,2,"HE",40.000
198904,3,"BR",0.000
198907,1,"SH",5.000
198907,2,"HE",35.000
198907,3,"BR",0.000
206532,3,"BR",0.000
206536,3,"BR",0.000
206544,3,"BR",0.000
206545,3,"BR",0.000
206547,3,"BR",0.000
206548,3,"BR",0.000
206550,3,"BR",0.000
206553,3,"BR",0.000
206557,3,"BR",0.000
206559,3,"BR",0.000
206567,3,"BR",0.000
206568,3,"BR",0.000
206575,3,"BR",0.000
206576,3,"BR",0.000
206583,3,"BR",0.000
206584,3,"BR",0.000
206587,3,"BR",0.000
206589,3,"BR",0.000
206606,3,"BR",0.000
206607,3,"BR",0.000
206612,3,"BR",0.000
206614,3,"BR",0.000
206615,3,"BR",0.000
206618,3,"BR",0.000
206619,3,"BR",0.000
206621,3,"BR",0.000
206623,3,"BR",0.000
206628,3,"BR",0.000
206635,3,"BR",0.000
206646,3,"BR",0.000
206647,3,"BR",0.000
206652,3,"BR",0.000
206656,3,"BR",0.000
206662,3,"BR",0.000
206663,3,"BR",0.000
206664,3,"BR",0.000
206669,3,"BR",0.000
206670,3,"BR",0.000
206676,3,"BR",0.000
206682,3,"BR",0.000
206683,3,"BR",0.000
206685,3,"BR",0.000
206689,3,"BR",0.000
206690,3,"BR",0.000
206696,3,"BR",0.000
206697,3,"BR",0.000
206698,3,"BR",0.000
206707,3,"BR",0.000
206708,3,"BR",0.000
206710,3,"BR",0.000
206712,3,"BR",0.000
206715,3,"BR",0.000
206716,3,"BR",0.000
206718,3,"BR",0.000
206724,3,"BR",0.000
206725,3,"BR",0.000
206732,3,"BR",0.000
206734,3,"BR",0.000
206737,3,"BR",0.000
206738,3,"BR",0.000
206740,3,"BR",0.000
206741,3,"BR",0.000
206743,3,"BR",0.000
206749,3,"BR",0.000
206754,3,"BR",0.000
206757,3,"BR",0.000
206758,3,"BR",0.000
206765,3,"BR",0.000
206771,3,"BR",0.000
206775,3,"BR",0.000
206779,3,"BR",0.000
206780,3,"BR",0.000
206785,3,"BR",0.000
206788,3,"BR",0.000
206789,3,"BR",0.000
206793,3,"BR",0.000
206794,3,"BR",0.000
206796,3,"BR",0.000
206797,3,"BR",0.000
206798,3,"BR",0.000
206801,3,"BR",0.000
206810,3,"BR",0.000
206818,3,"BR",0.000
206822,3,"BR",0.000
206824,3,"BR",0.000
206826,3,"BR",0.000
206832,3,"BR",0.000
206833,3,"BR",0.000
206847,3,"BR",0.000
206848,3,"BR",0.000
206851,3,"BR",0.000
206863,3,"BR",0.000
206866,3,"BR",0.000
206871,3,"BR",0.000
206872,3,"BR",0.000
206876,3,"BR",0.000
206879,3,"BR",0.000
206882,3,"BR",0.000
206884,3,"BR",0.000
206888,3,"BR",0.000
206889,3,"BR",0.000
206891,3,"BR",0.000
206898,3,"BR",0.000
206901,3,"BR",0.000
206906,3,"BR",0.000
206917,3,"BR",0.000
206918,3,"BR",0.000
206919,3,"BR",0.000
206925,3,"BR",0.000
206937,3,"BR",0.000
206941,3,"BR",0.000
206947,3,"BR",0.000
206951,3,"BR",0.000
206952,3,"BR",0.000
206955,3,"BR",0.000
206968,3,"BR",0.000
206971,3,"BR",0.000
206972,3,"BR",0.000
206975,3,"BR",0.000
206979,3,"BR",0.000
206982,3,"BR",0.000
207001,3,"BR",0.000
207002,3,"BR",0.000
207022,3,"BR",0.000
207041,3,"BR",0.000
207043,3,"BR",0.000
207047,3,"BR",0.000
207050,3,"BR",0.000
207059,3,"BR",0.000
207067,3,"BR",0.000
207076,3,"BR",0.000
207090,3,"BR",0.000
207097,3,"BR",0.000
207124,3,"BR",0.000
207125,3,"BR",0.000
207131,3,"BR",0.000
207134,3,"BR",0.000
207139,3,"BR",0.000
207159,3,"BR",0.000
207161,3,"BR",0.000
207170,3,"BR",0.000
207177,3,"BR",0.000
207182,3,"BR",0.000
207183,3,"BR",0.000
207188,3,"BR",0.000
207201,3,"BR",0.000
207203,3,"BR",0.000
207206,3,"BR",0.000
207214,3,"BR",0.000
207227,3,"BR",0.000
207228,3,"BR",0.000
207237,3,"BR",0.000
207243,3,"BR",0.000
207263,3,"BR",0.000
207267,3,"BR",0.000
207270,3,"BR",0.000
207286,3,"BR",0.000
207299,3,"BR",0.000
207315,3,"BR",0.000
207321,3,"BR",0.000
207325,3,"BR",0.000
207329,3,"BR",0.000
207339,3,"BR",0.000
207359,3,"BR",0.000
207360,3,"BR",0.000
207682,3,"BR",0.000
207690,3,"BR",0.000
207699,3,"BR",0.000
207701,3,"BR",0.000
207705,3,"BR",0.000
207746,3,"BR",0.000
207754,3,"BR",0.000
207772,3,"BR",0.000
207793,3,"BR",0.000
207818,3,"BR",0.000
207819,3,"BR",0.000
207833,3,"BR",0.000
207882,3,"BR",0.000
207883,3,"BR",0.000
207892,3,"BR",0.000
207893,3,"BR",0.000
207901,3,"BR",0.000
207909,3,"BR",0.000
207937,3,"BR",0.000
207950,3,"BR",0.000
207960,3,"BR",0.000
207984,3,"BR",0.000
207985,3,"BR",0.000
208014,3,"BR",0.000
208015,3,"BR",0.000
208016,3,"BR",0.000
208017,3,"BR",0.000
208046,3,"BR",0.000
208056,3,"BR",0.000
208060,3,"BR",0.000
208062,3,"BR",0.000
208063,3,"BR",0.000
208081,3,"BR",0.000
208093,3,"BR",0.000
208109,3,"BR",0.000
208123,3,"BR",0.000
208128,3,"BR",0.000
208161,3,"BR",0.000
208165,3,"BR",0.000
208183,3,"BR",0.000
208187,3,"BR",0.000
208193,3,"BR",0.000
208207,3,"BR",0.000
208245,3,"BR",0.000
208264,3,"BR",0.000
208268,3,"BR",0.000
208278,3,"BR",0.000
208280,3,"BR",0.000
208285,3,"BR",0.000
208288,3,"BR",0.000
208303,3,"BR",0.000
208310,3,"BR",0.000
208327,3,"BR",0.000
208331,3,"BR",0.000
208339,3,"BR",0.000
208359,3,"BR",0.000
208374,3,"BR",0.000
208386,3,"BR",0.000
208394,3,"BR",0.000
208395,3,"BR",0.000
208414,3,"BR",0.000
208415,3,"BR",0.000
208422,3,"BR",0.000
208428,3,"BR",0.000
208429,3,"BR",0.000
208436,3,"BR",0.000
208455,3,"BR",0.000
208463,3,"BR",0.000
208465,3,"BR",0.000
208473,3,"BR",0.000
208480,3,"BR",0.000
208494,3,"BR",0.000
