BLOCK,GROUP
19250099,forest
19250142,forest
19250427,forest
19250476,forest
19250495,forest
19250522,forest
19250537,forest
19250600,forest
19250637,forest
19250645,forest
19250774,forest
19250811,forest
19250819,forest
19250826,forest
19250872,forest
19251184,forest
19251204,forest
19251226,forest
19251291,forest
19251297,forest
19251365,forest
19251376,forest
19251563,forest
19251632,forest
19251693,forest
19251702,forest
19251818,forest
19343669,forest
19343680,forest
19343760,forest
19343761,forest
19343771,forest
19343775,forest
19343784,forest
19343795,forest
19343802,forest
19343814,forest
19343831,forest
19343851,forest
19343863,forest
19343875,forest
19343891,forest
19343897,forest
19343929,forest
19343936,forest
19343938,forest
19343948,forest
19343974,forest
19343990,forest
19343995,forest
19344050,forest
19344053,forest
19344057,forest
19344064,forest
19344104,forest
19344119,forest
19344129,forest
19344137,forest
19344147,forest
19344192,forest
19344203,forest
19344204,forest
19344215,forest
19344220,forest
19344222,forest
19344225,forest
19344254,forest
19344255,forest
19344263,forest
19344281,forest
19344295,forest
19344309,forest
19344329,forest
19344389,forest
19344390,forest
19344438,forest
19344498,forest
19344506,forest
19344508,forest
19344524,forest
19344547,forest
19344566,forest
19344612,forest
19344624,forest
19344628,forest
19344640,forest
19344666,forest
19344682,forest
19344690,forest
19344745,forest
19344750,forest
19344751,forest
19344800,forest
19344867,forest
19344890,forest
19344912,forest
19344922,forest
19344995,forest
19345025,forest
19345062,forest
19345064,forest
19345065,forest
19345066,forest
19345067,forest
19345111,forest
19345126,forest
19345147,forest
19345161,forest
19345169,forest
19345192,forest
19345196,forest
19345224,forest
19345251,forest
19345278,forest
19345294,forest
19345366,forest
19345428,forest
19345596,forest
19345598,forest
19345654,forest
19345658,forest
19345660,forest
19345670,forest
19345683,forest
19345690,forest
19345691,forest
19345700,forest
19345709,forest
19345728,forest
19345782,forest
19345788,forest
19345793,forest
19345795,forest
19345833,forest
19345868,forest
19345892,forest
19345894,forest
19345926,forest
19345986,forest
19346015,forest
19346034,forest
19346068,forest
19346082,forest
19346127,forest
19346137,forest
19346141,forest
19346142,forest
19346154,forest
19346164,forest
19346170,forest
19346201,forest
19346206,forest
19346210,forest
19346228,forest
19346243,forest
19346244,forest
19346250,forest
19346322,forest
19346333,forest
19346382,forest
19346405,forest
19346410,forest
19346425,forest
19346441,forest
19346489,forest
19346491,forest
19346527,forest
19346579,forest
19346588,forest
19346593,forest
19346594,forest
19346599,forest
19346615,forest
19346629,forest
19346639,forest
19346645,forest
19346657,forest
19346691,forest
19346712,forest
19346726,forest
19346731,forest
19346732,forest
19346774,forest
19346797,forest
19346853,forest
19346892,forest
19395859,forest
19395861,forest
19395862,forest
19395875,forest
19395876,forest
19395880,forest
19486879,forest
19486887,forest
19486889,forest
19486892,forest
19486893,forest
19490569,forest
19490572,forest
19490575,forest
19492351,forest
19492357,forest
19492358,forest
19492366,forest
19493224,forest
19493225,forest
21162365,forest
21162371,forest
21162372,forest
21162786,forest
21162790,forest
21162794,forest
21162795,forest
21162797,forest
21162799,forest
21162801,forest
21162802,forest
21412551,forest
